Al Raha Beach Hotel,11:20  17:35,16:10  04:10,"7h 45m, 1 stop","10h 30m, 1 stop",5 Star hotel,TripAdvisor: 4/5,Courtyard Room - Non refundable,"46,836","45,916",Save Rs.920,0,0,1,1,1,AE,0,http://www.cleartrip.com/packages/results?origin=AMD&city=Abu+Dhabi&chk_out=3%2F02%2F2014&childs=0&from=AMD&adults=1&dest_code=101509&num_rooms=1&country=AE&children1=0&state=&depart_date=1%2F02%2F2014&infants=0&chk_in=1%2F02%2F2014&return_date=3%2F02%2F2014&adults1=1
Sands Hotel Abu Dhabi,11:20  17:35,16:10  04:10,"7h 45m, 1 stop","10h 30m, 1 stop",4 Star hotel,TripAdvisor: 3.5/5,Classic Room,NA,"28,361",NA,0,0,1,1,1,AE,0,http://www.cleartrip.com/packages/results?origin=AMD&city=Abu+Dhabi&chk_out=3%2F02%2F2014&childs=0&from=AMD&adults=1&dest_code=101509&num_rooms=1&country=AE&children1=0&state=&depart_date=1%2F02%2F2014&infants=0&chk_in=1%2F02%2F2014&return_date=3%2F02%2F2014&adults1=1
Millennium Hotel Abu Dhabi,11:20  17:35,16:10  04:10,"7h 45m, 1 stop","10h 30m, 1 stop",5 Star hotel,TripAdvisor: 4.5/5,Superior Room Package,"40,365","35,202","Save Rs.5,163",0,0,1,1,1,AE,0,http://www.cleartrip.com/packages/results?origin=AMD&city=Abu+Dhabi&chk_out=3%2F02%2F2014&childs=0&from=AMD&adults=1&dest_code=101509&num_rooms=1&country=AE&children1=0&state=&depart_date=1%2F02%2F2014&infants=0&chk_in=1%2F02%2F2014&return_date=3%2F02%2F2014&adults1=1
City Seasons Al Hamra Hotel,11:20  17:35,16:10  04:10,"7h 45m, 1 stop","10h 30m, 1 stop",4 Star hotel,TripAdvisor: 4/5,Premium Room Package,"31,148","30,054","Save Rs.1,094",0,0,1,1,1,AE,0,http://www.cleartrip.com/packages/results?origin=AMD&city=Abu+Dhabi&chk_out=3%2F02%2F2014&childs=0&from=AMD&adults=1&dest_code=101509&num_rooms=1&country=AE&children1=0&state=&depart_date=1%2F02%2F2014&infants=0&chk_in=1%2F02%2F2014&return_date=3%2F02%2F2014&adults1=1
Al Diar Dana Hotel,11:20  17:35,16:10  04:10,"7h 45m, 1 stop","10h 30m, 1 stop",2 Star hotel,TripAdvisor: 3.5/5,Junior Suite Package,"31,969","30,154","Save Rs.1,815",0,0,1,1,1,AE,0,http://www.cleartrip.com/packages/results?origin=AMD&city=Abu+Dhabi&chk_out=3%2F02%2F2014&childs=0&from=AMD&adults=1&dest_code=101509&num_rooms=1&country=AE&children1=0&state=&depart_date=1%2F02%2F2014&infants=0&chk_in=1%2F02%2F2014&return_date=3%2F02%2F2014&adults1=1
Cristal Hotel Abu Dhabi,11:20  17:35,16:10  04:10,"7h 45m, 1 stop","10h 30m, 1 stop",4 Star hotel,TripAdvisor: 4.5/5,Amber Room,"34,090","33,569",Save Rs.521,0,0,1,1,1,AE,0,http://www.cleartrip.com/packages/results?origin=AMD&city=Abu+Dhabi&chk_out=3%2F02%2F2014&childs=0&from=AMD&adults=1&dest_code=101509&num_rooms=1&country=AE&children1=0&state=&depart_date=1%2F02%2F2014&infants=0&chk_in=1%2F02%2F2014&return_date=3%2F02%2F2014&adults1=1
Al Diar Palm Hotel Apartment,11:20  17:35,16:10  04:10,"7h 45m, 1 stop","10h 30m, 1 stop",3 Star hotel,TripAdvisor: 3.5/5,One Bed Room Apartment Package,"38,992","36,228","Save Rs.2,764",0,0,1,1,1,AE,0,http://www.cleartrip.com/packages/results?origin=AMD&city=Abu+Dhabi&chk_out=3%2F02%2F2014&childs=0&from=AMD&adults=1&dest_code=101509&num_rooms=1&country=AE&children1=0&state=&depart_date=1%2F02%2F2014&infants=0&chk_in=1%2F02%2F2014&return_date=3%2F02%2F2014&adults1=1
Century Hotel Apartment,11:20  17:35,16:10  04:10,"7h 45m, 1 stop","10h 30m, 1 stop",NA,TripAdvisor: 3.5/5,Two Bed Room Apartment Package,"40,019","36,993","Save Rs.3,026",0,0,1,1,1,AE,0,http://www.cleartrip.com/packages/results?origin=AMD&city=Abu+Dhabi&chk_out=3%2F02%2F2014&childs=0&from=AMD&adults=1&dest_code=101509&num_rooms=1&country=AE&children1=0&state=&depart_date=1%2F02%2F2014&infants=0&chk_in=1%2F02%2F2014&return_date=3%2F02%2F2014&adults1=1
Oryx Hotel,11:20  17:35,16:10  04:10,"7h 45m, 1 stop","10h 30m, 1 stop",4 Star hotel,TripAdvisor: 3/5,Standard Room Package,"32,129","30,244","Save Rs.1,885",0,0,1,1,1,AE,0,http://www.cleartrip.com/packages/results?origin=AMD&city=Abu+Dhabi&chk_out=3%2F02%2F2014&childs=0&from=AMD&adults=1&dest_code=101509&num_rooms=1&country=AE&children1=0&state=&depart_date=1%2F02%2F2014&infants=0&chk_in=1%2F02%2F2014&return_date=3%2F02%2F2014&adults1=1
Al Diar Capital Hotel,11:20  17:35,16:10  04:10,"7h 45m, 1 stop","10h 30m, 1 stop",3 Star hotel,TripAdvisor: 3/5,Deluxe Room - Room Only Package,"29,188","27,680","Save Rs.1,508",0,0,1,1,1,AE,0,http://www.cleartrip.com/packages/results?origin=AMD&city=Abu+Dhabi&chk_out=3%2F02%2F2014&childs=0&from=AMD&adults=1&dest_code=101509&num_rooms=1&country=AE&children1=0&state=&depart_date=1%2F02%2F2014&infants=0&chk_in=1%2F02%2F2014&return_date=3%2F02%2F2014&adults1=1
Ginger Ahmedabad,22:20  08:40,09:00  19:25,"8h 50m, 1 stop","11h 55m, 1 stop",3 Star hotel,TripAdvisor: 3.5/5,Smart Single Room Rate,"27,505","27,216",Save Rs.289,0,0,1,1,1,IN,0,http://www.cleartrip.com/packages/results?origin=AUH&city=Ahmedabad&chk_out=3%2F02%2F2014&childs=0&from=AUH&adults=1&dest_code=32136&num_rooms=1&country=IN&children1=0&state=&depart_date=1%2F02%2F2014&infants=0&chk_in=1%2F02%2F2014&return_date=3%2F02%2F2014&adults1=1
Summit Hotel,22:20  08:40,09:00  19:25,"8h 50m, 1 stop","11h 55m, 1 stop",3 Star hotel,TripAdvisor: 3.5/5,AC Executive Room,"23,202","23,037",Save Rs.165,0,0,1,1,1,IN,0,http://www.cleartrip.com/packages/results?origin=AUH&city=Ahmedabad&chk_out=3%2F02%2F2014&childs=0&from=AUH&adults=1&dest_code=32136&num_rooms=1&country=IN&children1=0&state=&depart_date=1%2F02%2F2014&infants=0&chk_in=1%2F02%2F2014&return_date=3%2F02%2F2014&adults1=1
Sarovar Portico Ahmedabad,22:20  08:40,09:00  19:25,"8h 50m, 1 stop","11h 55m, 1 stop",3 Star hotel,TripAdvisor: 3.5/5,Standard Room,"23,501","23,287",Save Rs.214,0,0,1,1,1,IN,0,http://www.cleartrip.com/packages/results?origin=AUH&city=Ahmedabad&chk_out=3%2F02%2F2014&childs=0&from=AUH&adults=1&dest_code=32136&num_rooms=1&country=IN&children1=0&state=&depart_date=1%2F02%2F2014&infants=0&chk_in=1%2F02%2F2014&return_date=3%2F02%2F2014&adults1=1
Ramada Ahmedabad,22:20  08:40,09:00  19:25,"8h 50m, 1 stop","11h 55m, 1 stop",4 Star hotel,TripAdvisor: 3.5/5,Superior Room Package,"28,503","28,154",Save Rs.349,0,0,1,1,1,IN,0,http://www.cleartrip.com/packages/results?origin=AUH&city=Ahmedabad&chk_out=3%2F02%2F2014&childs=0&from=AUH&adults=1&dest_code=32136&num_rooms=1&country=IN&children1=0&state=&depart_date=1%2F02%2F2014&infants=0&chk_in=1%2F02%2F2014&return_date=3%2F02%2F2014&adults1=1
Hotel Chambers Ahmedabad,22:20  08:40,09:00  19:25,"8h 50m, 1 stop","11h 55m, 1 stop",3 Star hotel,TripAdvisor: 3.5/5,Ecobiz Room Package,"22,008","21,509",Save Rs.499,0,0,1,1,1,IN,0,http://www.cleartrip.com/packages/results?origin=AUH&city=Ahmedabad&chk_out=3%2F02%2F2014&childs=0&from=AUH&adults=1&dest_code=32136&num_rooms=1&country=IN&children1=0&state=&depart_date=1%2F02%2F2014&infants=0&chk_in=1%2F02%2F2014&return_date=3%2F02%2F2014&adults1=1
Tulip Inn Ahmedabad,22:20  08:40,09:00  19:25,"8h 50m, 1 stop","11h 55m, 1 stop",3 Star hotel,TripAdvisor: 3.5/5,Executive Room Rates Package,"24,292","24,045",Save Rs.247,0,0,1,1,1,IN,0,http://www.cleartrip.com/packages/results?origin=AUH&city=Ahmedabad&chk_out=3%2F02%2F2014&childs=0&from=AUH&adults=1&dest_code=32136&num_rooms=1&country=IN&children1=0&state=&depart_date=1%2F02%2F2014&infants=0&chk_in=1%2F02%2F2014&return_date=3%2F02%2F2014&adults1=1
Radisson Blu Hotel,22:20  08:40,09:00  19:25,"8h 50m, 1 stop","11h 55m, 1 stop",5 Star hotel,TripAdvisor: 4/5,Best Available Rate - Superior Room,"34,714","34,176",Save Rs.538,0,0,1,1,1,IN,0,http://www.cleartrip.com/packages/results?origin=AUH&city=Ahmedabad&chk_out=3%2F02%2F2014&childs=0&from=AUH&adults=1&dest_code=32136&num_rooms=1&country=IN&children1=0&state=&depart_date=1%2F02%2F2014&infants=0&chk_in=1%2F02%2F2014&return_date=3%2F02%2F2014&adults1=1
Hotel Dev Corporate,22:20  08:40,09:00  19:25,"8h 50m, 1 stop","11h 55m, 1 stop",3 Star hotel,TripAdvisor: 3.5/5,AC Deluxe Room,"23,812","23,585",Save Rs.227,0,0,1,1,1,IN,0,http://www.cleartrip.com/packages/results?origin=AUH&city=Ahmedabad&chk_out=3%2F02%2F2014&childs=0&from=AUH&adults=1&dest_code=32136&num_rooms=1&country=IN&children1=0&state=&depart_date=1%2F02%2F2014&infants=0&chk_in=1%2F02%2F2014&return_date=3%2F02%2F2014&adults1=1
Park Plaza Ahmedabad,22:20  08:40,09:00  19:25,"8h 50m, 1 stop","11h 55m, 1 stop",4 Star hotel,TripAdvisor: 4.5/5,Standard Room,"27,486","27,151",Save Rs.335,0,0,1,1,1,IN,0,http://www.cleartrip.com/packages/results?origin=AUH&city=Ahmedabad&chk_out=3%2F02%2F2014&childs=0&from=AUH&adults=1&dest_code=32136&num_rooms=1&country=IN&children1=0&state=&depart_date=1%2F02%2F2014&infants=0&chk_in=1%2F02%2F2014&return_date=3%2F02%2F2014&adults1=1
Lemon Tree Hotel Ahmedabad,22:20  08:40,09:00  19:25,"8h 50m, 1 stop","11h 55m, 1 stop",4 Star hotel,TripAdvisor: 4/5,Standard Room Only,"25,481","25,253",Save Rs.228,0,0,1,1,1,IN,0,http://www.cleartrip.com/packages/results?origin=AUH&city=Ahmedabad&chk_out=3%2F02%2F2014&childs=0&from=AUH&adults=1&dest_code=32136&num_rooms=1&country=IN&children1=0&state=&depart_date=1%2F02%2F2014&infants=0&chk_in=1%2F02%2F2014&return_date=3%2F02%2F2014&adults1=1
Chifley Suites Auckland,08:05  15:00,07:00  21:25,"23h 25m, 2 stops","21h 55m, 2 stops",4 Star hotel,TripAdvisor: 4/5,Deluxe 2 Bedroom Suite,NA,"1,21,788",NA,0,0,1,1,1,NZ,0,http://www.cleartrip.com/packages/results?origin=AMD&city=Auckland&chk_out=3%2F02%2F2014&childs=0&from=AMD&adults=1&dest_code=100265&num_rooms=1&country=NZ&children1=0&state=&depart_date=1%2F02%2F2014&infants=0&chk_in=1%2F02%2F2014&return_date=3%2F02%2F2014&adults1=1
Skycity Grand Hotel,08:05  15:00,07:00  21:25,"23h 25m, 2 stops","21h 55m, 2 stops",5 Star hotel,TripAdvisor: 4.5/5,Premium Luxury Harbour View King Room,"1,33,211","1,30,309","Save Rs.2,902",0,0,1,1,1,NZ,0,http://www.cleartrip.com/packages/results?origin=AMD&city=Auckland&chk_out=3%2F02%2F2014&childs=0&from=AMD&adults=1&dest_code=100265&num_rooms=1&country=NZ&children1=0&state=&depart_date=1%2F02%2F2014&infants=0&chk_in=1%2F02%2F2014&return_date=3%2F02%2F2014&adults1=1
Skycity Hotel,08:05  15:00,07:00  21:25,"23h 25m, 2 stops","21h 55m, 2 stops",4 Star hotel,TripAdvisor: 4/5,Deluxe Double Room,"1,25,072","1,22,886","Save Rs.2,186",0,0,1,1,1,NZ,0,http://www.cleartrip.com/packages/results?origin=AMD&city=Auckland&chk_out=3%2F02%2F2014&childs=0&from=AMD&adults=1&dest_code=100265&num_rooms=1&country=NZ&children1=0&state=&depart_date=1%2F02%2F2014&infants=0&chk_in=1%2F02%2F2014&return_date=3%2F02%2F2014&adults1=1
Scenic Hotel Auckland,08:05  15:00,07:00  21:25,"23h 25m, 2 stops","21h 55m, 2 stops",4 Star hotel,TripAdvisor: 4/5,Studio (Double),"1,20,280","1,16,923","Save Rs.3,357",0,0,1,1,1,NZ,0,http://www.cleartrip.com/packages/results?origin=AMD&city=Auckland&chk_out=3%2F02%2F2014&childs=0&from=AMD&adults=1&dest_code=100265&num_rooms=1&country=NZ&children1=0&state=&depart_date=1%2F02%2F2014&infants=0&chk_in=1%2F02%2F2014&return_date=3%2F02%2F2014&adults1=1
Rydges Auckland,08:05  15:00,07:00  21:25,"23h 25m, 2 stops","21h 55m, 2 stops",4 Star hotel,TripAdvisor: 4/5,"Superior Room, 2 Double Beds","1,22,020","1,20,103","Save Rs.1,917",0,0,1,1,1,NZ,0,http://www.cleartrip.com/packages/results?origin=AMD&city=Auckland&chk_out=3%2F02%2F2014&childs=0&from=AMD&adults=1&dest_code=100265&num_rooms=1&country=NZ&children1=0&state=&depart_date=1%2F02%2F2014&infants=0&chk_in=1%2F02%2F2014&return_date=3%2F02%2F2014&adults1=1
"The Langham, Auckland",08:05  15:00,07:00  21:25,"23h 25m, 2 stops","21h 55m, 2 stops",5 Star hotel,TripAdvisor: 4.5/5,Classic Room,"1,29,345","1,24,468","Save Rs.4,877",0,0,1,1,1,NZ,0,http://www.cleartrip.com/packages/results?origin=AMD&city=Auckland&chk_out=3%2F02%2F2014&childs=0&from=AMD&adults=1&dest_code=100265&num_rooms=1&country=NZ&children1=0&state=&depart_date=1%2F02%2F2014&infants=0&chk_in=1%2F02%2F2014&return_date=3%2F02%2F2014&adults1=1
Rendezvous Grand Hotel Auckland,08:05  15:00,07:00  21:25,"23h 25m, 2 stops","21h 55m, 2 stops",4 Star hotel,TripAdvisor: 4/5,Deluxe Room,NA,"1,19,154",NA,0,0,1,1,1,NZ,0,http://www.cleartrip.com/packages/results?origin=AMD&city=Auckland&chk_out=3%2F02%2F2014&childs=0&from=AMD&adults=1&dest_code=100265&num_rooms=1&country=NZ&children1=0&state=&depart_date=1%2F02%2F2014&infants=0&chk_in=1%2F02%2F2014&return_date=3%2F02%2F2014&adults1=1
Kiwi International Hotel,08:05  15:00,07:00  21:25,"23h 25m, 2 stops","21h 55m, 2 stops",3 Star hotel,TripAdvisor: 3.5/5,"Economy Single Room, Shared Bathroom","1,06,250","1,05,722",Save Rs.528,0,0,1,1,1,NZ,0,http://www.cleartrip.com/packages/results?origin=AMD&city=Auckland&chk_out=3%2F02%2F2014&childs=0&from=AMD&adults=1&dest_code=100265&num_rooms=1&country=NZ&children1=0&state=&depart_date=1%2F02%2F2014&infants=0&chk_in=1%2F02%2F2014&return_date=3%2F02%2F2014&adults1=1
The Quadrant Hotel Auckland,08:05  15:00,07:00  21:25,"23h 25m, 2 stops","21h 55m, 2 stops",4 Star hotel,TripAdvisor: 3.5/5,"Deluxe Room, 1 Queen Bed - Advance Purchase","1,15,813","1,14,690","Save Rs.1,123",0,0,1,1,1,NZ,0,http://www.cleartrip.com/packages/results?origin=AMD&city=Auckland&chk_out=3%2F02%2F2014&childs=0&from=AMD&adults=1&dest_code=100265&num_rooms=1&country=NZ&children1=0&state=&depart_date=1%2F02%2F2014&infants=0&chk_in=1%2F02%2F2014&return_date=3%2F02%2F2014&adults1=1
Ibis Auckland Ellerslie,08:05  15:00,07:00  21:25,"23h 25m, 2 stops","21h 55m, 2 stops",3 Star hotel,TripAdvisor: 4/5,"Standard Twin Room, 2 Single Beds","1,12,355","1,11,481",Save Rs.874,0,0,1,1,1,NZ,0,http://www.cleartrip.com/packages/results?origin=AMD&city=Auckland&chk_out=3%2F02%2F2014&childs=0&from=AMD&adults=1&dest_code=100265&num_rooms=1&country=NZ&children1=0&state=&depart_date=1%2F02%2F2014&infants=0&chk_in=1%2F02%2F2014&return_date=3%2F02%2F2014&adults1=1
Ginger Ahmedabad,07:00  21:25,08:05  14:40,"21h 55m, 2 stops","23h 5m, 2 stops",3 Star hotel,TripAdvisor: 3.5/5,Smart Single Room Rate,"1,17,256","1,16,967",Save Rs.289,0,0,1,1,1,IN,0,http://www.cleartrip.com/packages/results?origin=AKL&city=Ahmedabad&chk_out=3%2F02%2F2014&childs=0&from=AKL&adults=1&dest_code=32136&num_rooms=1&country=IN&children1=0&state=&depart_date=1%2F02%2F2014&infants=0&chk_in=1%2F02%2F2014&return_date=3%2F02%2F2014&adults1=1
Summit Hotel,07:00  21:25,08:05  14:40,"21h 55m, 2 stops","23h 5m, 2 stops",3 Star hotel,TripAdvisor: 3.5/5,AC Executive Room,"1,12,953","1,12,788",Save Rs.165,0,0,1,1,1,IN,0,http://www.cleartrip.com/packages/results?origin=AKL&city=Ahmedabad&chk_out=3%2F02%2F2014&childs=0&from=AKL&adults=1&dest_code=32136&num_rooms=1&country=IN&children1=0&state=&depart_date=1%2F02%2F2014&infants=0&chk_in=1%2F02%2F2014&return_date=3%2F02%2F2014&adults1=1
Sarovar Portico Ahmedabad,07:00  21:25,08:05  14:40,"21h 55m, 2 stops","23h 5m, 2 stops",3 Star hotel,TripAdvisor: 3.5/5,Standard Room,"1,13,252","1,13,038",Save Rs.214,0,0,1,1,1,IN,0,http://www.cleartrip.com/packages/results?origin=AKL&city=Ahmedabad&chk_out=3%2F02%2F2014&childs=0&from=AKL&adults=1&dest_code=32136&num_rooms=1&country=IN&children1=0&state=&depart_date=1%2F02%2F2014&infants=0&chk_in=1%2F02%2F2014&return_date=3%2F02%2F2014&adults1=1
Ramada Ahmedabad,07:00  21:25,08:05  14:40,"21h 55m, 2 stops","23h 5m, 2 stops",4 Star hotel,TripAdvisor: 3.5/5,Superior Room Package,"1,18,254","1,17,905",Save Rs.349,0,0,1,1,1,IN,0,http://www.cleartrip.com/packages/results?origin=AKL&city=Ahmedabad&chk_out=3%2F02%2F2014&childs=0&from=AKL&adults=1&dest_code=32136&num_rooms=1&country=IN&children1=0&state=&depart_date=1%2F02%2F2014&infants=0&chk_in=1%2F02%2F2014&return_date=3%2F02%2F2014&adults1=1
Hotel Chambers Ahmedabad,07:00  21:25,08:05  14:40,"21h 55m, 2 stops","23h 5m, 2 stops",3 Star hotel,TripAdvisor: 3.5/5,Ecobiz Room Package,"1,11,759","1,11,260",Save Rs.499,0,0,1,1,1,IN,0,http://www.cleartrip.com/packages/results?origin=AKL&city=Ahmedabad&chk_out=3%2F02%2F2014&childs=0&from=AKL&adults=1&dest_code=32136&num_rooms=1&country=IN&children1=0&state=&depart_date=1%2F02%2F2014&infants=0&chk_in=1%2F02%2F2014&return_date=3%2F02%2F2014&adults1=1
Tulip Inn Ahmedabad,07:00  21:25,08:05  14:40,"21h 55m, 2 stops","23h 5m, 2 stops",3 Star hotel,TripAdvisor: 3.5/5,Executive Room Rates Package,"1,14,043","1,13,796",Save Rs.247,0,0,1,1,1,IN,0,http://www.cleartrip.com/packages/results?origin=AKL&city=Ahmedabad&chk_out=3%2F02%2F2014&childs=0&from=AKL&adults=1&dest_code=32136&num_rooms=1&country=IN&children1=0&state=&depart_date=1%2F02%2F2014&infants=0&chk_in=1%2F02%2F2014&return_date=3%2F02%2F2014&adults1=1
Radisson Blu Hotel,07:00  21:25,08:05  14:40,"21h 55m, 2 stops","23h 5m, 2 stops",5 Star hotel,TripAdvisor: 4/5,Best Available Rate - Superior Room,"1,24,465","1,23,927",Save Rs.538,0,0,1,1,1,IN,0,http://www.cleartrip.com/packages/results?origin=AKL&city=Ahmedabad&chk_out=3%2F02%2F2014&childs=0&from=AKL&adults=1&dest_code=32136&num_rooms=1&country=IN&children1=0&state=&depart_date=1%2F02%2F2014&infants=0&chk_in=1%2F02%2F2014&return_date=3%2F02%2F2014&adults1=1
Hotel Dev Corporate,07:00  21:25,08:05  14:40,"21h 55m, 2 stops","23h 5m, 2 stops",3 Star hotel,TripAdvisor: 3.5/5,AC Deluxe Room,"1,13,563","1,13,336",Save Rs.227,0,0,1,1,1,IN,0,http://www.cleartrip.com/packages/results?origin=AKL&city=Ahmedabad&chk_out=3%2F02%2F2014&childs=0&from=AKL&adults=1&dest_code=32136&num_rooms=1&country=IN&children1=0&state=&depart_date=1%2F02%2F2014&infants=0&chk_in=1%2F02%2F2014&return_date=3%2F02%2F2014&adults1=1
Park Plaza Ahmedabad,07:00  21:25,08:05  14:40,"21h 55m, 2 stops","23h 5m, 2 stops",4 Star hotel,TripAdvisor: 4.5/5,Standard Room,"1,17,237","1,16,902",Save Rs.335,0,0,1,1,1,IN,0,http://www.cleartrip.com/packages/results?origin=AKL&city=Ahmedabad&chk_out=3%2F02%2F2014&childs=0&from=AKL&adults=1&dest_code=32136&num_rooms=1&country=IN&children1=0&state=&depart_date=1%2F02%2F2014&infants=0&chk_in=1%2F02%2F2014&return_date=3%2F02%2F2014&adults1=1
Lemon Tree Hotel Ahmedabad,07:00  21:25,08:05  14:40,"21h 55m, 2 stops","23h 5m, 2 stops",4 Star hotel,TripAdvisor: 4/5,Standard Room Only,"1,15,232","1,15,004",Save Rs.228,0,0,1,1,1,IN,0,http://www.cleartrip.com/packages/results?origin=AKL&city=Ahmedabad&chk_out=3%2F02%2F2014&childs=0&from=AKL&adults=1&dest_code=32136&num_rooms=1&country=IN&children1=0&state=&depart_date=1%2F02%2F2014&infants=0&chk_in=1%2F02%2F2014&return_date=3%2F02%2F2014&adults1=1
Ginger Ahmedabad,13:50  07:30,20:15  13:15,"17h 40m, 3 stops","41h 0m, 3 stops",3 Star hotel,TripAdvisor: 3.5/5,Smart Single Room Rate,"30,789","30,500",Save Rs.289,0,0,1,1,1,IN,0,http://www.cleartrip.com/packages/results?origin=AGR&city=Ahmedabad&chk_out=3%2F02%2F2014&childs=0&from=AGR&adults=1&dest_code=32136&num_rooms=1&country=IN&children1=0&state=Gujarat&depart_date=1%2F02%2F2014&infants=0&chk_in=1%2F02%2F2014&return_date=3%2F02%2F2014&adults1=1
Summit Hotel,13:50  07:30,20:15  13:15,"17h 40m, 3 stops","41h 0m, 3 stops",3 Star hotel,TripAdvisor: 3.5/5,AC Executive Room,"26,486","26,321",Save Rs.165,0,0,1,1,1,IN,0,http://www.cleartrip.com/packages/results?origin=AGR&city=Ahmedabad&chk_out=3%2F02%2F2014&childs=0&from=AGR&adults=1&dest_code=32136&num_rooms=1&country=IN&children1=0&state=Gujarat&depart_date=1%2F02%2F2014&infants=0&chk_in=1%2F02%2F2014&return_date=3%2F02%2F2014&adults1=1
Sarovar Portico Ahmedabad,13:50  07:30,20:15  13:15,"17h 40m, 3 stops","41h 0m, 3 stops",3 Star hotel,TripAdvisor: 3.5/5,Standard Room,"26,785","26,571",Save Rs.214,0,0,1,1,1,IN,0,http://www.cleartrip.com/packages/results?origin=AGR&city=Ahmedabad&chk_out=3%2F02%2F2014&childs=0&from=AGR&adults=1&dest_code=32136&num_rooms=1&country=IN&children1=0&state=Gujarat&depart_date=1%2F02%2F2014&infants=0&chk_in=1%2F02%2F2014&return_date=3%2F02%2F2014&adults1=1
Ramada Ahmedabad,13:50  07:30,20:15  13:15,"17h 40m, 3 stops","41h 0m, 3 stops",4 Star hotel,TripAdvisor: 3.5/5,Superior Room Package,"31,787","31,438",Save Rs.349,0,0,1,1,1,IN,0,http://www.cleartrip.com/packages/results?origin=AGR&city=Ahmedabad&chk_out=3%2F02%2F2014&childs=0&from=AGR&adults=1&dest_code=32136&num_rooms=1&country=IN&children1=0&state=Gujarat&depart_date=1%2F02%2F2014&infants=0&chk_in=1%2F02%2F2014&return_date=3%2F02%2F2014&adults1=1
Hotel Chambers Ahmedabad,13:50  07:30,20:15  13:15,"17h 40m, 3 stops","41h 0m, 3 stops",3 Star hotel,TripAdvisor: 3.5/5,Ecobiz Room Package,"25,292","24,793",Save Rs.499,0,0,1,1,1,IN,0,http://www.cleartrip.com/packages/results?origin=AGR&city=Ahmedabad&chk_out=3%2F02%2F2014&childs=0&from=AGR&adults=1&dest_code=32136&num_rooms=1&country=IN&children1=0&state=Gujarat&depart_date=1%2F02%2F2014&infants=0&chk_in=1%2F02%2F2014&return_date=3%2F02%2F2014&adults1=1
Tulip Inn Ahmedabad,13:50  07:30,20:15  13:15,"17h 40m, 3 stops","41h 0m, 3 stops",3 Star hotel,TripAdvisor: 3.5/5,Executive Room Rates Package,"27,576","27,329",Save Rs.247,0,0,1,1,1,IN,0,http://www.cleartrip.com/packages/results?origin=AGR&city=Ahmedabad&chk_out=3%2F02%2F2014&childs=0&from=AGR&adults=1&dest_code=32136&num_rooms=1&country=IN&children1=0&state=Gujarat&depart_date=1%2F02%2F2014&infants=0&chk_in=1%2F02%2F2014&return_date=3%2F02%2F2014&adults1=1
Radisson Blu Hotel,13:50  07:30,20:15  13:15,"17h 40m, 3 stops","41h 0m, 3 stops",5 Star hotel,TripAdvisor: 4/5,Best Available Rate - Superior Room,"37,998","37,460",Save Rs.538,0,0,1,1,1,IN,0,http://www.cleartrip.com/packages/results?origin=AGR&city=Ahmedabad&chk_out=3%2F02%2F2014&childs=0&from=AGR&adults=1&dest_code=32136&num_rooms=1&country=IN&children1=0&state=Gujarat&depart_date=1%2F02%2F2014&infants=0&chk_in=1%2F02%2F2014&return_date=3%2F02%2F2014&adults1=1
Hotel Dev Corporate,13:50  07:30,20:15  13:15,"17h 40m, 3 stops","41h 0m, 3 stops",3 Star hotel,TripAdvisor: 3.5/5,AC Deluxe Room,"27,096","26,869",Save Rs.227,0,0,1,1,1,IN,0,http://www.cleartrip.com/packages/results?origin=AGR&city=Ahmedabad&chk_out=3%2F02%2F2014&childs=0&from=AGR&adults=1&dest_code=32136&num_rooms=1&country=IN&children1=0&state=Gujarat&depart_date=1%2F02%2F2014&infants=0&chk_in=1%2F02%2F2014&return_date=3%2F02%2F2014&adults1=1
Park Plaza Ahmedabad,13:50  07:30,20:15  13:15,"17h 40m, 3 stops","41h 0m, 3 stops",4 Star hotel,TripAdvisor: 4.5/5,Standard Room,"30,770","30,435",Save Rs.335,0,0,1,1,1,IN,0,http://www.cleartrip.com/packages/results?origin=AGR&city=Ahmedabad&chk_out=3%2F02%2F2014&childs=0&from=AGR&adults=1&dest_code=32136&num_rooms=1&country=IN&children1=0&state=Gujarat&depart_date=1%2F02%2F2014&infants=0&chk_in=1%2F02%2F2014&return_date=3%2F02%2F2014&adults1=1
Lemon Tree Hotel Ahmedabad,13:50  07:30,20:15  13:15,"17h 40m, 3 stops","41h 0m, 3 stops",4 Star hotel,TripAdvisor: 4/5,Standard Room Only,"28,765","28,537",Save Rs.228,0,0,1,1,1,IN,0,http://www.cleartrip.com/packages/results?origin=AGR&city=Ahmedabad&chk_out=3%2F02%2F2014&childs=0&from=AGR&adults=1&dest_code=32136&num_rooms=1&country=IN&children1=0&state=Gujarat&depart_date=1%2F02%2F2014&infants=0&chk_in=1%2F02%2F2014&return_date=3%2F02%2F2014&adults1=1
Ginger Ahmedabad,16:30  21:25,08:05  08:45,"4h 55m, 1 stop","24h 40m, 1 stop",3 Star hotel,TripAdvisor: 3.5/5,Smart Single Room Rate,"18,842","18,553",Save Rs.289,0,0,1,1,1,IN,0,http://www.cleartrip.com/packages/results?origin=IXD&city=Ahmedabad&chk_out=3%2F02%2F2014&childs=0&from=IXD&adults=1&dest_code=32136&num_rooms=1&country=IN&children1=0&state=Gujarat&depart_date=1%2F02%2F2014&infants=0&chk_in=1%2F02%2F2014&return_date=3%2F02%2F2014&adults1=1
Summit Hotel,16:30  21:25,08:05  08:45,"4h 55m, 1 stop","24h 40m, 1 stop",3 Star hotel,TripAdvisor: 3.5/5,AC Executive Room,"14,539","14,374",Save Rs.165,0,0,1,1,1,IN,0,http://www.cleartrip.com/packages/results?origin=IXD&city=Ahmedabad&chk_out=3%2F02%2F2014&childs=0&from=IXD&adults=1&dest_code=32136&num_rooms=1&country=IN&children1=0&state=Gujarat&depart_date=1%2F02%2F2014&infants=0&chk_in=1%2F02%2F2014&return_date=3%2F02%2F2014&adults1=1
Sarovar Portico Ahmedabad,16:30  21:25,08:05  08:45,"4h 55m, 1 stop","24h 40m, 1 stop",3 Star hotel,TripAdvisor: 3.5/5,Standard Room,"14,838","14,624",Save Rs.214,0,0,1,1,1,IN,0,http://www.cleartrip.com/packages/results?origin=IXD&city=Ahmedabad&chk_out=3%2F02%2F2014&childs=0&from=IXD&adults=1&dest_code=32136&num_rooms=1&country=IN&children1=0&state=Gujarat&depart_date=1%2F02%2F2014&infants=0&chk_in=1%2F02%2F2014&return_date=3%2F02%2F2014&adults1=1
Ramada Ahmedabad,16:30  21:25,08:05  08:45,"4h 55m, 1 stop","24h 40m, 1 stop",4 Star hotel,TripAdvisor: 3.5/5,Superior Room Package,"19,840","19,491",Save Rs.349,0,0,1,1,1,IN,0,http://www.cleartrip.com/packages/results?origin=IXD&city=Ahmedabad&chk_out=3%2F02%2F2014&childs=0&from=IXD&adults=1&dest_code=32136&num_rooms=1&country=IN&children1=0&state=Gujarat&depart_date=1%2F02%2F2014&infants=0&chk_in=1%2F02%2F2014&return_date=3%2F02%2F2014&adults1=1
Hotel Chambers Ahmedabad,16:30  21:25,08:05  08:45,"4h 55m, 1 stop","24h 40m, 1 stop",3 Star hotel,TripAdvisor: 3.5/5,Ecobiz Room Package,"13,345","12,846",Save Rs.499,0,0,1,1,1,IN,0,http://www.cleartrip.com/packages/results?origin=IXD&city=Ahmedabad&chk_out=3%2F02%2F2014&childs=0&from=IXD&adults=1&dest_code=32136&num_rooms=1&country=IN&children1=0&state=Gujarat&depart_date=1%2F02%2F2014&infants=0&chk_in=1%2F02%2F2014&return_date=3%2F02%2F2014&adults1=1
Tulip Inn Ahmedabad,16:30  21:25,08:05  08:45,"4h 55m, 1 stop","24h 40m, 1 stop",3 Star hotel,TripAdvisor: 3.5/5,Executive Room Rates Package,"15,629","15,382",Save Rs.247,0,0,1,1,1,IN,0,http://www.cleartrip.com/packages/results?origin=IXD&city=Ahmedabad&chk_out=3%2F02%2F2014&childs=0&from=IXD&adults=1&dest_code=32136&num_rooms=1&country=IN&children1=0&state=Gujarat&depart_date=1%2F02%2F2014&infants=0&chk_in=1%2F02%2F2014&return_date=3%2F02%2F2014&adults1=1
Radisson Blu Hotel,16:30  21:25,08:05  08:45,"4h 55m, 1 stop","24h 40m, 1 stop",5 Star hotel,TripAdvisor: 4/5,Best Available Rate - Superior Room,"26,051","25,513",Save Rs.538,0,0,1,1,1,IN,0,http://www.cleartrip.com/packages/results?origin=IXD&city=Ahmedabad&chk_out=3%2F02%2F2014&childs=0&from=IXD&adults=1&dest_code=32136&num_rooms=1&country=IN&children1=0&state=Gujarat&depart_date=1%2F02%2F2014&infants=0&chk_in=1%2F02%2F2014&return_date=3%2F02%2F2014&adults1=1
Hotel Dev Corporate,16:30  21:25,08:05  08:45,"4h 55m, 1 stop","24h 40m, 1 stop",3 Star hotel,TripAdvisor: 3.5/5,AC Deluxe Room,"15,149","14,922",Save Rs.227,0,0,1,1,1,IN,0,http://www.cleartrip.com/packages/results?origin=IXD&city=Ahmedabad&chk_out=3%2F02%2F2014&childs=0&from=IXD&adults=1&dest_code=32136&num_rooms=1&country=IN&children1=0&state=Gujarat&depart_date=1%2F02%2F2014&infants=0&chk_in=1%2F02%2F2014&return_date=3%2F02%2F2014&adults1=1
Park Plaza Ahmedabad,16:30  21:25,08:05  08:45,"4h 55m, 1 stop","24h 40m, 1 stop",4 Star hotel,TripAdvisor: 4.5/5,Standard Room,"18,823","18,488",Save Rs.335,0,0,1,1,1,IN,0,http://www.cleartrip.com/packages/results?origin=IXD&city=Ahmedabad&chk_out=3%2F02%2F2014&childs=0&from=IXD&adults=1&dest_code=32136&num_rooms=1&country=IN&children1=0&state=Gujarat&depart_date=1%2F02%2F2014&infants=0&chk_in=1%2F02%2F2014&return_date=3%2F02%2F2014&adults1=1
Lemon Tree Hotel Ahmedabad,16:30  21:25,08:05  08:45,"4h 55m, 1 stop","24h 40m, 1 stop",4 Star hotel,TripAdvisor: 4/5,Standard Room Only,"16,818","16,590",Save Rs.228,0,0,1,1,1,IN,0,http://www.cleartrip.com/packages/results?origin=IXD&city=Ahmedabad&chk_out=3%2F02%2F2014&childs=0&from=IXD&adults=1&dest_code=32136&num_rooms=1&country=IN&children1=0&state=Gujarat&depart_date=1%2F02%2F2014&infants=0&chk_in=1%2F02%2F2014&return_date=3%2F02%2F2014&adults1=1
Hotel Shiraz Regency,10:05  15:45,16:15  23:00,"5h 40m, 1 stop","6h 45m, 1 stop",3 Star hotel,TripAdvisor: 4/5,Deluxe Room,"10,485","10,378",Save Rs.107,0,0,1,1,1,IN,0,http://www.cleartrip.com/packages/results?origin=AMD&city=Amritsar&chk_out=3%2F02%2F2014&childs=0&from=AMD&adults=1&dest_code=32257&num_rooms=1&country=IN&children1=0&state=Punjab&depart_date=1%2F02%2F2014&infants=0&chk_in=1%2F02%2F2014&return_date=3%2F02%2F2014&adults1=1
Hotel Ritz Plaza,10:05  15:45,16:15  23:00,"5h 40m, 1 stop","6h 45m, 1 stop",4 Star hotel,TripAdvisor: 3/5,Superior Room with Breakfast,"13,653","13,471",Save Rs.182,0,0,1,1,1,IN,0,http://www.cleartrip.com/packages/results?origin=AMD&city=Amritsar&chk_out=3%2F02%2F2014&childs=0&from=AMD&adults=1&dest_code=32257&num_rooms=1&country=IN&children1=0&state=Punjab&depart_date=1%2F02%2F2014&infants=0&chk_in=1%2F02%2F2014&return_date=3%2F02%2F2014&adults1=1
Radisson Blu Amritsar,10:05  15:45,16:15  23:00,"5h 40m, 1 stop","6h 45m, 1 stop",5 Star hotel,TripAdvisor: 4/5,Superior Room,"20,808","20,400",Save Rs.408,0,0,1,1,1,IN,0,http://www.cleartrip.com/packages/results?origin=AMD&city=Amritsar&chk_out=3%2F02%2F2014&childs=0&from=AMD&adults=1&dest_code=32257&num_rooms=1&country=IN&children1=0&state=Punjab&depart_date=1%2F02%2F2014&infants=0&chk_in=1%2F02%2F2014&return_date=3%2F02%2F2014&adults1=1
Hotel Sita Niwas,10:05  15:45,16:15  23:00,"5h 40m, 1 stop","6h 45m, 1 stop",1 Star hotel,TripAdvisor: 2.5/5,Semi Deluxe Room Non AC Package,"11,586","11,447",Save Rs.139,0,0,1,1,1,IN,0,http://www.cleartrip.com/packages/results?origin=AMD&city=Amritsar&chk_out=3%2F02%2F2014&childs=0&from=AMD&adults=1&dest_code=32257&num_rooms=1&country=IN&children1=0&state=Punjab&depart_date=1%2F02%2F2014&infants=0&chk_in=1%2F02%2F2014&return_date=3%2F02%2F2014&adults1=1
Hotel Hong Kong Inn,10:05  15:45,16:15  23:00,"5h 40m, 1 stop","6h 45m, 1 stop",3 Star hotel,TripAdvisor: 4.5/5,Luxury Room only,"12,487","12,342",Save Rs.145,0,0,1,1,1,IN,0,http://www.cleartrip.com/packages/results?origin=AMD&city=Amritsar&chk_out=3%2F02%2F2014&childs=0&from=AMD&adults=1&dest_code=32257&num_rooms=1&country=IN&children1=0&state=Punjab&depart_date=1%2F02%2F2014&infants=0&chk_in=1%2F02%2F2014&return_date=3%2F02%2F2014&adults1=1
Hotel Raj Darbar,10:05  15:45,16:15  23:00,"5h 40m, 1 stop","6h 45m, 1 stop",3 Star hotel,TripAdvisor: 2/5,Deluxe Room Only Package,"11,752","11,407",Save Rs.345,0,0,1,1,1,IN,0,http://www.cleartrip.com/packages/results?origin=AMD&city=Amritsar&chk_out=3%2F02%2F2014&childs=0&from=AMD&adults=1&dest_code=32257&num_rooms=1&country=IN&children1=0&state=Punjab&depart_date=1%2F02%2F2014&infants=0&chk_in=1%2F02%2F2014&return_date=3%2F02%2F2014&adults1=1
Hotel Lawrence,10:05  15:45,16:15  23:00,"5h 40m, 1 stop","6h 45m, 1 stop",3 Star hotel,TripAdvisor: 4/5,Super Deluxe Room Package,"11,598","11,301",Save Rs.297,0,0,1,1,1,IN,0,http://www.cleartrip.com/packages/results?origin=AMD&city=Amritsar&chk_out=3%2F02%2F2014&childs=0&from=AMD&adults=1&dest_code=32257&num_rooms=1&country=IN&children1=0&state=Punjab&depart_date=1%2F02%2F2014&infants=0&chk_in=1%2F02%2F2014&return_date=3%2F02%2F2014&adults1=1
Golden Tulip Amritsar,10:05  15:45,16:15  23:00,"5h 40m, 1 stop","6h 45m, 1 stop",4 Star hotel,TripAdvisor: 4/5,Deluxe Room Rate Package,"14,564","14,289",Save Rs.275,0,0,1,1,1,IN,0,http://www.cleartrip.com/packages/results?origin=AMD&city=Amritsar&chk_out=3%2F02%2F2014&childs=0&from=AMD&adults=1&dest_code=32257&num_rooms=1&country=IN&children1=0&state=Punjab&depart_date=1%2F02%2F2014&infants=0&chk_in=1%2F02%2F2014&return_date=3%2F02%2F2014&adults1=1
Hotel Namaskar Residency,10:05  15:45,16:15  23:00,"5h 40m, 1 stop","6h 45m, 1 stop",3 Star hotel,TripAdvisor: 4/5,Imperial Room Offline Package,"11,570","11,416",Save Rs.154,0,0,1,1,1,IN,0,http://www.cleartrip.com/packages/results?origin=AMD&city=Amritsar&chk_out=3%2F02%2F2014&childs=0&from=AMD&adults=1&dest_code=32257&num_rooms=1&country=IN&children1=0&state=Punjab&depart_date=1%2F02%2F2014&infants=0&chk_in=1%2F02%2F2014&return_date=3%2F02%2F2014&adults1=1
Hotel City Castle,10:05  15:45,16:15  23:00,"5h 40m, 1 stop","6h 45m, 1 stop",2 Star hotel,TripAdvisor: 2/5,Standard AC Room Only Package,"12,384","11,955",Save Rs.429,0,0,1,1,1,IN,0,http://www.cleartrip.com/packages/results?origin=AMD&city=Amritsar&chk_out=3%2F02%2F2014&childs=0&from=AMD&adults=1&dest_code=32257&num_rooms=1&country=IN&children1=0&state=Punjab&depart_date=1%2F02%2F2014&infants=0&chk_in=1%2F02%2F2014&return_date=3%2F02%2F2014&adults1=1
Ginger Ahmedabad,16:05  20:55,05:55  12:30,"4h 50m, 1 stop","6h 35m, 1 stop",3 Star hotel,TripAdvisor: 3.5/5,Smart Single Room Rate,"17,092","16,803",Save Rs.289,0,0,1,1,1,IN,0,http://www.cleartrip.com/packages/results?origin=ATQ&city=Ahmedabad&chk_out=3%2F02%2F2014&childs=0&from=ATQ&adults=1&dest_code=32136&num_rooms=1&country=IN&children1=0&state=Gujarat&depart_date=1%2F02%2F2014&infants=0&chk_in=1%2F02%2F2014&return_date=3%2F02%2F2014&adults1=1
Summit Hotel,16:05  20:55,05:55  12:30,"4h 50m, 1 stop","6h 35m, 1 stop",3 Star hotel,TripAdvisor: 3.5/5,AC Executive Room,"12,789","12,624",Save Rs.165,0,0,1,1,1,IN,0,http://www.cleartrip.com/packages/results?origin=ATQ&city=Ahmedabad&chk_out=3%2F02%2F2014&childs=0&from=ATQ&adults=1&dest_code=32136&num_rooms=1&country=IN&children1=0&state=Gujarat&depart_date=1%2F02%2F2014&infants=0&chk_in=1%2F02%2F2014&return_date=3%2F02%2F2014&adults1=1
Sarovar Portico Ahmedabad,16:05  20:55,05:55  12:30,"4h 50m, 1 stop","6h 35m, 1 stop",3 Star hotel,TripAdvisor: 3.5/5,Standard Room,"13,088","12,874",Save Rs.214,0,0,1,1,1,IN,0,http://www.cleartrip.com/packages/results?origin=ATQ&city=Ahmedabad&chk_out=3%2F02%2F2014&childs=0&from=ATQ&adults=1&dest_code=32136&num_rooms=1&country=IN&children1=0&state=Gujarat&depart_date=1%2F02%2F2014&infants=0&chk_in=1%2F02%2F2014&return_date=3%2F02%2F2014&adults1=1
Ramada Ahmedabad,16:05  20:55,05:55  12:30,"4h 50m, 1 stop","6h 35m, 1 stop",4 Star hotel,TripAdvisor: 3.5/5,Superior Room Package,"18,090","17,741",Save Rs.349,0,0,1,1,1,IN,0,http://www.cleartrip.com/packages/results?origin=ATQ&city=Ahmedabad&chk_out=3%2F02%2F2014&childs=0&from=ATQ&adults=1&dest_code=32136&num_rooms=1&country=IN&children1=0&state=Gujarat&depart_date=1%2F02%2F2014&infants=0&chk_in=1%2F02%2F2014&return_date=3%2F02%2F2014&adults1=1
Hotel Chambers Ahmedabad,16:05  20:55,05:55  12:30,"4h 50m, 1 stop","6h 35m, 1 stop",3 Star hotel,TripAdvisor: 3.5/5,Ecobiz Room Package,"11,595","11,096",Save Rs.499,0,0,1,1,1,IN,0,http://www.cleartrip.com/packages/results?origin=ATQ&city=Ahmedabad&chk_out=3%2F02%2F2014&childs=0&from=ATQ&adults=1&dest_code=32136&num_rooms=1&country=IN&children1=0&state=Gujarat&depart_date=1%2F02%2F2014&infants=0&chk_in=1%2F02%2F2014&return_date=3%2F02%2F2014&adults1=1
Tulip Inn Ahmedabad,16:05  20:55,05:55  12:30,"4h 50m, 1 stop","6h 35m, 1 stop",3 Star hotel,TripAdvisor: 3.5/5,Executive Room Rates Package,"13,879","13,632",Save Rs.247,0,0,1,1,1,IN,0,http://www.cleartrip.com/packages/results?origin=ATQ&city=Ahmedabad&chk_out=3%2F02%2F2014&childs=0&from=ATQ&adults=1&dest_code=32136&num_rooms=1&country=IN&children1=0&state=Gujarat&depart_date=1%2F02%2F2014&infants=0&chk_in=1%2F02%2F2014&return_date=3%2F02%2F2014&adults1=1
Radisson Blu Hotel,16:05  20:55,05:55  12:30,"4h 50m, 1 stop","6h 35m, 1 stop",5 Star hotel,TripAdvisor: 4/5,Best Available Rate - Superior Room,"24,301","23,763",Save Rs.538,0,0,1,1,1,IN,0,http://www.cleartrip.com/packages/results?origin=ATQ&city=Ahmedabad&chk_out=3%2F02%2F2014&childs=0&from=ATQ&adults=1&dest_code=32136&num_rooms=1&country=IN&children1=0&state=Gujarat&depart_date=1%2F02%2F2014&infants=0&chk_in=1%2F02%2F2014&return_date=3%2F02%2F2014&adults1=1
Hotel Dev Corporate,16:05  20:55,05:55  12:30,"4h 50m, 1 stop","6h 35m, 1 stop",3 Star hotel,TripAdvisor: 3.5/5,AC Deluxe Room,"13,399","13,172",Save Rs.227,0,0,1,1,1,IN,0,http://www.cleartrip.com/packages/results?origin=ATQ&city=Ahmedabad&chk_out=3%2F02%2F2014&childs=0&from=ATQ&adults=1&dest_code=32136&num_rooms=1&country=IN&children1=0&state=Gujarat&depart_date=1%2F02%2F2014&infants=0&chk_in=1%2F02%2F2014&return_date=3%2F02%2F2014&adults1=1
Park Plaza Ahmedabad,16:05  20:55,05:55  12:30,"4h 50m, 1 stop","6h 35m, 1 stop",4 Star hotel,TripAdvisor: 4.5/5,Standard Room,"17,073","16,738",Save Rs.335,0,0,1,1,1,IN,0,http://www.cleartrip.com/packages/results?origin=ATQ&city=Ahmedabad&chk_out=3%2F02%2F2014&childs=0&from=ATQ&adults=1&dest_code=32136&num_rooms=1&country=IN&children1=0&state=Gujarat&depart_date=1%2F02%2F2014&infants=0&chk_in=1%2F02%2F2014&return_date=3%2F02%2F2014&adults1=1
Lemon Tree Hotel Ahmedabad,16:05  20:55,05:55  12:30,"4h 50m, 1 stop","6h 35m, 1 stop",4 Star hotel,TripAdvisor: 4/5,Standard Room Only,"15,068","14,840",Save Rs.228,0,0,1,1,1,IN,0,http://www.cleartrip.com/packages/results?origin=ATQ&city=Ahmedabad&chk_out=3%2F02%2F2014&childs=0&from=ATQ&adults=1&dest_code=32136&num_rooms=1&country=IN&children1=0&state=Gujarat&depart_date=1%2F02%2F2014&infants=0&chk_in=1%2F02%2F2014&return_date=3%2F02%2F2014&adults1=1
Adarsh Hamilton,05:55  09:35,16:05  21:25,"3h 40m, 1 stop","5h 20m, 1 stop",4 Star hotel,TripAdvisor: 4.5/5,Executive Room Package,"21,517","19,383","Save Rs.2,134",0,0,1,1,1,IN,0,http://www.cleartrip.com/packages/results?origin=AMD&city=Bangalore&chk_out=3%2F02%2F2014&childs=0&from=AMD&adults=1&dest_code=32550&num_rooms=1&country=IN&children1=0&state=Karnataka&depart_date=1%2F02%2F2014&infants=0&chk_in=1%2F02%2F2014&return_date=3%2F02%2F2014&adults1=1
Fantasy Golf Resort,05:55  09:35,16:05  21:25,"3h 40m, 1 stop","5h 20m, 1 stop",3 Star hotel,TripAdvisor: 3.5/5,Standard Package,"16,724","15,527","Save Rs.1,197",0,0,1,1,1,IN,0,http://www.cleartrip.com/packages/results?origin=AMD&city=Bangalore&chk_out=3%2F02%2F2014&childs=0&from=AMD&adults=1&dest_code=32550&num_rooms=1&country=IN&children1=0&state=Karnataka&depart_date=1%2F02%2F2014&infants=0&chk_in=1%2F02%2F2014&return_date=3%2F02%2F2014&adults1=1
Davanam Sarovar Portico Suites,05:55  09:35,16:05  21:25,"3h 40m, 1 stop","5h 20m, 1 stop",5 Star hotel,TripAdvisor: 4/5,Executive Suite Package,"19,676","18,205","Save Rs.1,471",0,0,1,1,1,IN,0,http://www.cleartrip.com/packages/results?origin=AMD&city=Bangalore&chk_out=3%2F02%2F2014&childs=0&from=AMD&adults=1&dest_code=32550&num_rooms=1&country=IN&children1=0&state=Karnataka&depart_date=1%2F02%2F2014&infants=0&chk_in=1%2F02%2F2014&return_date=3%2F02%2F2014&adults1=1
The Lalit Ashok,05:55  09:35,16:05  21:25,"3h 40m, 1 stop","5h 20m, 1 stop",5 Star hotel,TripAdvisor: 4.5/5,Deluxe Room Best Available Rate,"27,787","26,551","Save Rs.1,236",0,0,1,1,1,IN,0,http://www.cleartrip.com/packages/results?origin=AMD&city=Bangalore&chk_out=3%2F02%2F2014&childs=0&from=AMD&adults=1&dest_code=32550&num_rooms=1&country=IN&children1=0&state=Karnataka&depart_date=1%2F02%2F2014&infants=0&chk_in=1%2F02%2F2014&return_date=3%2F02%2F2014&adults1=1
The Park Bangalore,05:55  09:35,16:05  21:25,"3h 40m, 1 stop","5h 20m, 1 stop",5 Star hotel,TripAdvisor: 4/5,Deluxe Room,"24,190","23,015","Save Rs.1,175",0,0,1,1,1,IN,0,http://www.cleartrip.com/packages/results?origin=AMD&city=Bangalore&chk_out=3%2F02%2F2014&childs=0&from=AMD&adults=1&dest_code=32550&num_rooms=1&country=IN&children1=0&state=Karnataka&depart_date=1%2F02%2F2014&infants=0&chk_in=1%2F02%2F2014&return_date=3%2F02%2F2014&adults1=1
Octave Hotel & Spa,05:55  09:35,16:05  21:25,"3h 40m, 1 stop","5h 20m, 1 stop",3 Star hotel,TripAdvisor: 4/5,Super Deluxe Package,"23,198","21,481","Save Rs.1,717",0,0,1,1,1,IN,0,http://www.cleartrip.com/packages/results?origin=AMD&city=Bangalore&chk_out=3%2F02%2F2014&childs=0&from=AMD&adults=1&dest_code=32550&num_rooms=1&country=IN&children1=0&state=Karnataka&depart_date=1%2F02%2F2014&infants=0&chk_in=1%2F02%2F2014&return_date=3%2F02%2F2014&adults1=1
Justa-The Residence-Off M.G Road,05:55  09:35,16:05  21:25,"3h 40m, 1 stop","5h 20m, 1 stop",3 Star hotel,TripAdvisor: 4.5/5,Standard Room Rate Package,"17,568","15,934","Save Rs.1,634",0,0,1,1,1,IN,0,http://www.cleartrip.com/packages/results?origin=AMD&city=Bangalore&chk_out=3%2F02%2F2014&childs=0&from=AMD&adults=1&dest_code=32550&num_rooms=1&country=IN&children1=0&state=Karnataka&depart_date=1%2F02%2F2014&infants=0&chk_in=1%2F02%2F2014&return_date=3%2F02%2F2014&adults1=1
12th Avenue,05:55  09:35,16:05  21:25,"3h 40m, 1 stop","5h 20m, 1 stop",3 Star hotel,TripAdvisor: 3/5,Executive Luxury Room,"16,216","15,214","Save Rs.1,002",0,0,1,1,1,IN,0,http://www.cleartrip.com/packages/results?origin=AMD&city=Bangalore&chk_out=3%2F02%2F2014&childs=0&from=AMD&adults=1&dest_code=32550&num_rooms=1&country=IN&children1=0&state=Karnataka&depart_date=1%2F02%2F2014&infants=0&chk_in=1%2F02%2F2014&return_date=3%2F02%2F2014&adults1=1
Barons Inn,05:55  09:35,16:05  21:25,"3h 40m, 1 stop","5h 20m, 1 stop",3 Star hotel,TripAdvisor: 3/5,Kings Non A/c Room,"12,861","11,997",Save Rs.864,0,0,1,1,1,IN,0,http://www.cleartrip.com/packages/results?origin=AMD&city=Bangalore&chk_out=3%2F02%2F2014&childs=0&from=AMD&adults=1&dest_code=32550&num_rooms=1&country=IN&children1=0&state=Karnataka&depart_date=1%2F02%2F2014&infants=0&chk_in=1%2F02%2F2014&return_date=3%2F02%2F2014&adults1=1
Hotel TAP Silver Square,05:55  09:35,16:05  21:25,"3h 40m, 1 stop","5h 20m, 1 stop",2 Star hotel,TripAdvisor: 3/5,Studio Silver Package,"15,597","14,451","Save Rs.1,146",0,0,1,1,1,IN,0,http://www.cleartrip.com/packages/results?origin=AMD&city=Bangalore&chk_out=3%2F02%2F2014&childs=0&from=AMD&adults=1&dest_code=32550&num_rooms=1&country=IN&children1=0&state=Karnataka&depart_date=1%2F02%2F2014&infants=0&chk_in=1%2F02%2F2014&return_date=3%2F02%2F2014&adults1=1
Ginger Ahmedabad,07:30  09:30,17:30  22:00,"2h 0m, non-stop","4h 30m, 1 stop",3 Star hotel,TripAdvisor: 3.5/5,Smart Single Room Rate,"19,971","18,827","Save Rs.1,144",0,0,1,1,1,IN,0,http://www.cleartrip.com/packages/results?origin=BLR&city=Ahmedabad&chk_out=3%2F02%2F2014&childs=0&from=BLR&adults=1&dest_code=32136&num_rooms=1&country=IN&children1=0&state=Gujarat&depart_date=1%2F02%2F2014&infants=0&chk_in=1%2F02%2F2014&return_date=3%2F02%2F2014&adults1=1
Summit Hotel,07:30  09:30,17:30  22:00,"2h 0m, non-stop","4h 30m, 1 stop",3 Star hotel,TripAdvisor: 3.5/5,AC Executive Room,"15,668","14,648","Save Rs.1,020",0,0,1,1,1,IN,0,http://www.cleartrip.com/packages/results?origin=BLR&city=Ahmedabad&chk_out=3%2F02%2F2014&childs=0&from=BLR&adults=1&dest_code=32136&num_rooms=1&country=IN&children1=0&state=Gujarat&depart_date=1%2F02%2F2014&infants=0&chk_in=1%2F02%2F2014&return_date=3%2F02%2F2014&adults1=1
Sarovar Portico Ahmedabad,07:30  09:30,17:30  22:00,"2h 0m, non-stop","4h 30m, 1 stop",3 Star hotel,TripAdvisor: 3.5/5,Standard Room,"15,967","14,898","Save Rs.1,069",0,0,1,1,1,IN,0,http://www.cleartrip.com/packages/results?origin=BLR&city=Ahmedabad&chk_out=3%2F02%2F2014&childs=0&from=BLR&adults=1&dest_code=32136&num_rooms=1&country=IN&children1=0&state=Gujarat&depart_date=1%2F02%2F2014&infants=0&chk_in=1%2F02%2F2014&return_date=3%2F02%2F2014&adults1=1
Ramada Ahmedabad,07:30  09:30,17:30  22:00,"2h 0m, non-stop","4h 30m, 1 stop",4 Star hotel,TripAdvisor: 3.5/5,Superior Room Package,"20,969","19,765","Save Rs.1,204",0,0,1,1,1,IN,0,http://www.cleartrip.com/packages/results?origin=BLR&city=Ahmedabad&chk_out=3%2F02%2F2014&childs=0&from=BLR&adults=1&dest_code=32136&num_rooms=1&country=IN&children1=0&state=Gujarat&depart_date=1%2F02%2F2014&infants=0&chk_in=1%2F02%2F2014&return_date=3%2F02%2F2014&adults1=1
Hotel Chambers Ahmedabad,07:30  09:30,17:30  22:00,"2h 0m, non-stop","4h 30m, 1 stop",3 Star hotel,TripAdvisor: 3.5/5,Ecobiz Room Package,"14,474","13,120","Save Rs.1,354",0,0,1,1,1,IN,0,http://www.cleartrip.com/packages/results?origin=BLR&city=Ahmedabad&chk_out=3%2F02%2F2014&childs=0&from=BLR&adults=1&dest_code=32136&num_rooms=1&country=IN&children1=0&state=Gujarat&depart_date=1%2F02%2F2014&infants=0&chk_in=1%2F02%2F2014&return_date=3%2F02%2F2014&adults1=1
Tulip Inn Ahmedabad,07:30  09:30,17:30  22:00,"2h 0m, non-stop","4h 30m, 1 stop",3 Star hotel,TripAdvisor: 3.5/5,Executive Room Rates Package,"16,758","15,656","Save Rs.1,102",0,0,1,1,1,IN,0,http://www.cleartrip.com/packages/results?origin=BLR&city=Ahmedabad&chk_out=3%2F02%2F2014&childs=0&from=BLR&adults=1&dest_code=32136&num_rooms=1&country=IN&children1=0&state=Gujarat&depart_date=1%2F02%2F2014&infants=0&chk_in=1%2F02%2F2014&return_date=3%2F02%2F2014&adults1=1
Radisson Blu Hotel,07:30  09:30,17:30  22:00,"2h 0m, non-stop","4h 30m, 1 stop",5 Star hotel,TripAdvisor: 4/5,Best Available Rate - Superior Room,"27,180","25,787","Save Rs.1,393",0,0,1,1,1,IN,0,http://www.cleartrip.com/packages/results?origin=BLR&city=Ahmedabad&chk_out=3%2F02%2F2014&childs=0&from=BLR&adults=1&dest_code=32136&num_rooms=1&country=IN&children1=0&state=Gujarat&depart_date=1%2F02%2F2014&infants=0&chk_in=1%2F02%2F2014&return_date=3%2F02%2F2014&adults1=1
Hotel Dev Corporate,07:30  09:30,17:30  22:00,"2h 0m, non-stop","4h 30m, 1 stop",3 Star hotel,TripAdvisor: 3.5/5,AC Deluxe Room,"16,278","15,196","Save Rs.1,082",0,0,1,1,1,IN,0,http://www.cleartrip.com/packages/results?origin=BLR&city=Ahmedabad&chk_out=3%2F02%2F2014&childs=0&from=BLR&adults=1&dest_code=32136&num_rooms=1&country=IN&children1=0&state=Gujarat&depart_date=1%2F02%2F2014&infants=0&chk_in=1%2F02%2F2014&return_date=3%2F02%2F2014&adults1=1
Park Plaza Ahmedabad,07:30  09:30,17:30  22:00,"2h 0m, non-stop","4h 30m, 1 stop",4 Star hotel,TripAdvisor: 4.5/5,Standard Room,"19,952","18,762","Save Rs.1,190",0,0,1,1,1,IN,0,http://www.cleartrip.com/packages/results?origin=BLR&city=Ahmedabad&chk_out=3%2F02%2F2014&childs=0&from=BLR&adults=1&dest_code=32136&num_rooms=1&country=IN&children1=0&state=Gujarat&depart_date=1%2F02%2F2014&infants=0&chk_in=1%2F02%2F2014&return_date=3%2F02%2F2014&adults1=1
Lemon Tree Hotel Ahmedabad,07:30  09:30,17:30  22:00,"2h 0m, non-stop","4h 30m, 1 stop",4 Star hotel,TripAdvisor: 4/5,Standard Room Only,"17,947","16,864","Save Rs.1,083",0,0,1,1,1,IN,0,http://www.cleartrip.com/packages/results?origin=BLR&city=Ahmedabad&chk_out=3%2F02%2F2014&childs=0&from=BLR&adults=1&dest_code=32136&num_rooms=1&country=IN&children1=0&state=Gujarat&depart_date=1%2F02%2F2014&infants=0&chk_in=1%2F02%2F2014&return_date=3%2F02%2F2014&adults1=1
Hotel Amer Palace,05:50  07:10,12:05  13:30,"1h 20m, non-stop","1h 25m, non-stop",3 Star hotel,TripAdvisor: 3.5/5,Royal Standard,"14,784","14,461",Save Rs.323,0,0,1,1,1,IN,0,http://www.cleartrip.com/packages/results?origin=AMD&city=Bhopal&chk_out=3%2F02%2F2014&childs=0&from=AMD&adults=1&dest_code=32809&num_rooms=1&country=IN&children1=0&state=Madhya+Pradesh&depart_date=1%2F02%2F2014&infants=0&chk_in=1%2F02%2F2014&return_date=3%2F02%2F2014&adults1=1
Hotel Arch Manor Bhopal,05:50  07:10,12:05  13:30,"1h 20m, non-stop","1h 25m, non-stop",3 Star hotel,TripAdvisor: 2.5/5,A/c Royal Standard Room,"12,447","12,221",Save Rs.226,0,0,1,1,1,IN,0,http://www.cleartrip.com/packages/results?origin=AMD&city=Bhopal&chk_out=3%2F02%2F2014&childs=0&from=AMD&adults=1&dest_code=32809&num_rooms=1&country=IN&children1=0&state=Madhya+Pradesh&depart_date=1%2F02%2F2014&infants=0&chk_in=1%2F02%2F2014&return_date=3%2F02%2F2014&adults1=1
Courtyard by Marriott Bhopal,05:50  07:10,12:05  13:30,"1h 20m, non-stop","1h 25m, non-stop",NA,TripAdvisor: 4.5/5,Deluxe Room - Advance Purchase,NA,"20,506",NA,0,0,1,1,1,IN,0,http://www.cleartrip.com/packages/results?origin=AMD&city=Bhopal&chk_out=3%2F02%2F2014&childs=0&from=AMD&adults=1&dest_code=32809&num_rooms=1&country=IN&children1=0&state=Madhya+Pradesh&depart_date=1%2F02%2F2014&infants=0&chk_in=1%2F02%2F2014&return_date=3%2F02%2F2014&adults1=1
Hotel Arch Manor Deluxe,05:50  07:10,12:05  13:30,"1h 20m, non-stop","1h 25m, non-stop",3 Star hotel,TripAdvisor: 3.5/5,Royal Standard,"12,320","12,174",Save Rs.146,0,0,1,1,1,IN,0,http://www.cleartrip.com/packages/results?origin=AMD&city=Bhopal&chk_out=3%2F02%2F2014&childs=0&from=AMD&adults=1&dest_code=32809&num_rooms=1&country=IN&children1=0&state=Madhya+Pradesh&depart_date=1%2F02%2F2014&infants=0&chk_in=1%2F02%2F2014&return_date=3%2F02%2F2014&adults1=1
Ranjit's Lakeview Bhopal,05:50  07:10,12:05  13:30,"1h 20m, non-stop","1h 25m, non-stop",3 Star hotel,TripAdvisor: 3/5,A/c Standard Room,"13,411","13,230",Save Rs.181,0,0,1,1,1,IN,0,http://www.cleartrip.com/packages/results?origin=AMD&city=Bhopal&chk_out=3%2F02%2F2014&childs=0&from=AMD&adults=1&dest_code=32809&num_rooms=1&country=IN&children1=0&state=Madhya+Pradesh&depart_date=1%2F02%2F2014&infants=0&chk_in=1%2F02%2F2014&return_date=3%2F02%2F2014&adults1=1
Hotel Amer Greens,05:50  07:10,12:05  13:30,"1h 20m, non-stop","1h 25m, non-stop",3 Star hotel,TripAdvisor: 4/5,Royal Deluxe,"16,546","16,277",Save Rs.269,0,0,1,1,1,IN,0,http://www.cleartrip.com/packages/results?origin=AMD&city=Bhopal&chk_out=3%2F02%2F2014&childs=0&from=AMD&adults=1&dest_code=32809&num_rooms=1&country=IN&children1=0&state=Madhya+Pradesh&depart_date=1%2F02%2F2014&infants=0&chk_in=1%2F02%2F2014&return_date=3%2F02%2F2014&adults1=1
Hotel Kamal Regency Bhopal,05:50  07:10,12:05  13:30,"1h 20m, non-stop","1h 25m, non-stop",2 Star hotel,TripAdvisor: 3/5,AC Deluxe Room,"12,691","12,469",Save Rs.222,0,0,1,1,1,IN,0,http://www.cleartrip.com/packages/results?origin=AMD&city=Bhopal&chk_out=3%2F02%2F2014&childs=0&from=AMD&adults=1&dest_code=32809&num_rooms=1&country=IN&children1=0&state=Madhya+Pradesh&depart_date=1%2F02%2F2014&infants=0&chk_in=1%2F02%2F2014&return_date=3%2F02%2F2014&adults1=1
Jehan Numa Palace Hotel,05:50  07:10,12:05  13:30,"1h 20m, non-stop","1h 25m, non-stop",4 Star hotel,TripAdvisor: 4.5/5,Patio Room,"16,142","15,863",Save Rs.279,0,0,1,1,1,IN,0,http://www.cleartrip.com/packages/results?origin=AMD&city=Bhopal&chk_out=3%2F02%2F2014&childs=0&from=AMD&adults=1&dest_code=32809&num_rooms=1&country=IN&children1=0&state=Madhya+Pradesh&depart_date=1%2F02%2F2014&infants=0&chk_in=1%2F02%2F2014&return_date=3%2F02%2F2014&adults1=1
Hotel Grand Ashirwad,05:50  07:10,12:05  13:30,"1h 20m, non-stop","1h 25m, non-stop",3 Star hotel,TripAdvisor: 4/5,Deluxe Room,"12,677","12,523",Save Rs.154,0,0,1,1,1,IN,0,http://www.cleartrip.com/packages/results?origin=AMD&city=Bhopal&chk_out=3%2F02%2F2014&childs=0&from=AMD&adults=1&dest_code=32809&num_rooms=1&country=IN&children1=0&state=Madhya+Pradesh&depart_date=1%2F02%2F2014&infants=0&chk_in=1%2F02%2F2014&return_date=3%2F02%2F2014&adults1=1
Palash Residency-MPTDC,05:50  07:10,12:05  13:30,"1h 20m, non-stop","1h 25m, non-stop",3 Star hotel,TripAdvisor: 3.5/5,AC Room,"12,727","12,489",Save Rs.238,0,0,1,1,1,IN,0,http://www.cleartrip.com/packages/results?origin=AMD&city=Bhopal&chk_out=3%2F02%2F2014&childs=0&from=AMD&adults=1&dest_code=32809&num_rooms=1&country=IN&children1=0&state=Madhya+Pradesh&depart_date=1%2F02%2F2014&infants=0&chk_in=1%2F02%2F2014&return_date=3%2F02%2F2014&adults1=1
Ginger Ahmedabad,12:05  13:30,05:50  07:10,"1h 25m, non-stop","1h 20m, non-stop",3 Star hotel,TripAdvisor: 3.5/5,Smart Single Room Rate,"16,158","15,869",Save Rs.289,0,0,1,1,1,IN,0,http://www.cleartrip.com/packages/results?origin=BHO&city=Ahmedabad&chk_out=3%2F02%2F2014&childs=0&from=BHO&adults=1&dest_code=32136&num_rooms=1&country=IN&children1=0&state=Gujarat&depart_date=1%2F02%2F2014&infants=0&chk_in=1%2F02%2F2014&return_date=3%2F02%2F2014&adults1=1
Summit Hotel,12:05  13:30,05:50  07:10,"1h 25m, non-stop","1h 20m, non-stop",3 Star hotel,TripAdvisor: 3.5/5,AC Executive Room,"11,855","11,690",Save Rs.165,0,0,1,1,1,IN,0,http://www.cleartrip.com/packages/results?origin=BHO&city=Ahmedabad&chk_out=3%2F02%2F2014&childs=0&from=BHO&adults=1&dest_code=32136&num_rooms=1&country=IN&children1=0&state=Gujarat&depart_date=1%2F02%2F2014&infants=0&chk_in=1%2F02%2F2014&return_date=3%2F02%2F2014&adults1=1
Sarovar Portico Ahmedabad,12:05  13:30,05:50  07:10,"1h 25m, non-stop","1h 20m, non-stop",3 Star hotel,TripAdvisor: 3.5/5,Standard Room,"12,154","11,940",Save Rs.214,0,0,1,1,1,IN,0,http://www.cleartrip.com/packages/results?origin=BHO&city=Ahmedabad&chk_out=3%2F02%2F2014&childs=0&from=BHO&adults=1&dest_code=32136&num_rooms=1&country=IN&children1=0&state=Gujarat&depart_date=1%2F02%2F2014&infants=0&chk_in=1%2F02%2F2014&return_date=3%2F02%2F2014&adults1=1
Ramada Ahmedabad,12:05  13:30,05:50  07:10,"1h 25m, non-stop","1h 20m, non-stop",4 Star hotel,TripAdvisor: 3.5/5,Superior Room Package,"17,156","16,807",Save Rs.349,0,0,1,1,1,IN,0,http://www.cleartrip.com/packages/results?origin=BHO&city=Ahmedabad&chk_out=3%2F02%2F2014&childs=0&from=BHO&adults=1&dest_code=32136&num_rooms=1&country=IN&children1=0&state=Gujarat&depart_date=1%2F02%2F2014&infants=0&chk_in=1%2F02%2F2014&return_date=3%2F02%2F2014&adults1=1
Hotel Chambers Ahmedabad,12:05  13:30,05:50  07:10,"1h 25m, non-stop","1h 20m, non-stop",3 Star hotel,TripAdvisor: 3.5/5,Ecobiz Room Package,"10,661","10,162",Save Rs.499,0,0,1,1,1,IN,0,http://www.cleartrip.com/packages/results?origin=BHO&city=Ahmedabad&chk_out=3%2F02%2F2014&childs=0&from=BHO&adults=1&dest_code=32136&num_rooms=1&country=IN&children1=0&state=Gujarat&depart_date=1%2F02%2F2014&infants=0&chk_in=1%2F02%2F2014&return_date=3%2F02%2F2014&adults1=1
Tulip Inn Ahmedabad,12:05  13:30,05:50  07:10,"1h 25m, non-stop","1h 20m, non-stop",3 Star hotel,TripAdvisor: 3.5/5,Executive Room Rates Package,"12,945","12,698",Save Rs.247,0,0,1,1,1,IN,0,http://www.cleartrip.com/packages/results?origin=BHO&city=Ahmedabad&chk_out=3%2F02%2F2014&childs=0&from=BHO&adults=1&dest_code=32136&num_rooms=1&country=IN&children1=0&state=Gujarat&depart_date=1%2F02%2F2014&infants=0&chk_in=1%2F02%2F2014&return_date=3%2F02%2F2014&adults1=1
Radisson Blu Hotel,12:05  13:30,05:50  07:10,"1h 25m, non-stop","1h 20m, non-stop",5 Star hotel,TripAdvisor: 4/5,Best Available Rate - Superior Room,"23,367","22,829",Save Rs.538,0,0,1,1,1,IN,0,http://www.cleartrip.com/packages/results?origin=BHO&city=Ahmedabad&chk_out=3%2F02%2F2014&childs=0&from=BHO&adults=1&dest_code=32136&num_rooms=1&country=IN&children1=0&state=Gujarat&depart_date=1%2F02%2F2014&infants=0&chk_in=1%2F02%2F2014&return_date=3%2F02%2F2014&adults1=1
Hotel Dev Corporate,12:05  13:30,05:50  07:10,"1h 25m, non-stop","1h 20m, non-stop",3 Star hotel,TripAdvisor: 3.5/5,AC Deluxe Room,"12,465","12,238",Save Rs.227,0,0,1,1,1,IN,0,http://www.cleartrip.com/packages/results?origin=BHO&city=Ahmedabad&chk_out=3%2F02%2F2014&childs=0&from=BHO&adults=1&dest_code=32136&num_rooms=1&country=IN&children1=0&state=Gujarat&depart_date=1%2F02%2F2014&infants=0&chk_in=1%2F02%2F2014&return_date=3%2F02%2F2014&adults1=1
Park Plaza Ahmedabad,12:05  13:30,05:50  07:10,"1h 25m, non-stop","1h 20m, non-stop",4 Star hotel,TripAdvisor: 4.5/5,Standard Room,"16,139","15,804",Save Rs.335,0,0,1,1,1,IN,0,http://www.cleartrip.com/packages/results?origin=BHO&city=Ahmedabad&chk_out=3%2F02%2F2014&childs=0&from=BHO&adults=1&dest_code=32136&num_rooms=1&country=IN&children1=0&state=Gujarat&depart_date=1%2F02%2F2014&infants=0&chk_in=1%2F02%2F2014&return_date=3%2F02%2F2014&adults1=1
Lemon Tree Hotel Ahmedabad,12:05  13:30,05:50  07:10,"1h 25m, non-stop","1h 20m, non-stop",4 Star hotel,TripAdvisor: 4/5,Standard Room Only,"14,134","13,906",Save Rs.228,0,0,1,1,1,IN,0,http://www.cleartrip.com/packages/results?origin=BHO&city=Ahmedabad&chk_out=3%2F02%2F2014&childs=0&from=BHO&adults=1&dest_code=32136&num_rooms=1&country=IN&children1=0&state=Gujarat&depart_date=1%2F02%2F2014&infants=0&chk_in=1%2F02%2F2014&return_date=3%2F02%2F2014&adults1=1
Hotel Sidharth,08:40  13:35,14:05  19:25,"4h 55m, 1 stop","5h 20m, 1 stop",2 Star hotel,NA,Deluxe Room Only Package,"19,235","18,957",Save Rs.278,0,0,1,1,1,IN,0,http://www.cleartrip.com/packages/results?origin=AMD&city=Bhubaneswar&chk_out=3%2F02%2F2014&childs=0&from=AMD&adults=1&dest_code=32815&num_rooms=1&country=IN&children1=0&state=Orissa&depart_date=1%2F02%2F2014&infants=0&chk_in=1%2F02%2F2014&return_date=3%2F02%2F2014&adults1=1
Hotel Suryansh,08:40  13:35,14:05  19:25,"4h 55m, 1 stop","5h 20m, 1 stop",3 Star hotel,TripAdvisor: 4/5,Deluxe Room with Breakfast Package,"18,301","18,087",Save Rs.214,0,0,1,1,1,IN,0,http://www.cleartrip.com/packages/results?origin=AMD&city=Bhubaneswar&chk_out=3%2F02%2F2014&childs=0&from=AMD&adults=1&dest_code=32815&num_rooms=1&country=IN&children1=0&state=Orissa&depart_date=1%2F02%2F2014&infants=0&chk_in=1%2F02%2F2014&return_date=3%2F02%2F2014&adults1=1
Sandys Tower,08:40  13:35,14:05  19:25,"4h 55m, 1 stop","5h 20m, 1 stop",3 Star hotel,TripAdvisor: 4.5/5,Luxury Room with Breakfast Package,"22,027","20,978","Save Rs.1,049",0,0,1,1,1,IN,0,http://www.cleartrip.com/packages/results?origin=AMD&city=Bhubaneswar&chk_out=3%2F02%2F2014&childs=0&from=AMD&adults=1&dest_code=32815&num_rooms=1&country=IN&children1=0&state=Orissa&depart_date=1%2F02%2F2014&infants=0&chk_in=1%2F02%2F2014&return_date=3%2F02%2F2014&adults1=1
The New Marrion,08:40  13:35,14:05  19:25,"4h 55m, 1 stop","5h 20m, 1 stop",4 Star hotel,TripAdvisor: 4/5,"Executive-Bed,breakfast,one-way transfer Package","19,116","18,538",Save Rs.578,0,0,1,1,1,IN,0,http://www.cleartrip.com/packages/results?origin=AMD&city=Bhubaneswar&chk_out=3%2F02%2F2014&childs=0&from=AMD&adults=1&dest_code=32815&num_rooms=1&country=IN&children1=0&state=Orissa&depart_date=1%2F02%2F2014&infants=0&chk_in=1%2F02%2F2014&return_date=3%2F02%2F2014&adults1=1
Hotel La Franklin,08:40  13:35,14:05  19:25,"4h 55m, 1 stop","5h 20m, 1 stop",3 Star hotel,TripAdvisor: 4/5,Executive Room Only Package,"16,949","16,783",Save Rs.166,0,0,1,1,1,IN,0,http://www.cleartrip.com/packages/results?origin=AMD&city=Bhubaneswar&chk_out=3%2F02%2F2014&childs=0&from=AMD&adults=1&dest_code=32815&num_rooms=1&country=IN&children1=0&state=Orissa&depart_date=1%2F02%2F2014&infants=0&chk_in=1%2F02%2F2014&return_date=3%2F02%2F2014&adults1=1
Hotel Hindusthan International,08:40  13:35,14:05  19:25,"4h 55m, 1 stop","5h 20m, 1 stop",5 Star hotel,TripAdvisor: 3/5,Executive Room Only,"19,660","19,359",Save Rs.301,0,0,1,1,1,IN,0,http://www.cleartrip.com/packages/results?origin=AMD&city=Bhubaneswar&chk_out=3%2F02%2F2014&childs=0&from=AMD&adults=1&dest_code=32815&num_rooms=1&country=IN&children1=0&state=Orissa&depart_date=1%2F02%2F2014&infants=0&chk_in=1%2F02%2F2014&return_date=3%2F02%2F2014&adults1=1
Patra Guest House,08:40  13:35,14:05  19:25,"4h 55m, 1 stop","5h 20m, 1 stop",2 Star hotel,TripAdvisor: 4/5,Standard Double Room With Free Pick Up,"16,272","16,189",Save Rs.83,0,0,1,1,1,IN,0,http://www.cleartrip.com/packages/results?origin=AMD&city=Bhubaneswar&chk_out=3%2F02%2F2014&childs=0&from=AMD&adults=1&dest_code=32815&num_rooms=1&country=IN&children1=0&state=Orissa&depart_date=1%2F02%2F2014&infants=0&chk_in=1%2F02%2F2014&return_date=3%2F02%2F2014&adults1=1
Hotel Grand Central,08:40  13:35,14:05  19:25,"4h 55m, 1 stop","5h 20m, 1 stop",3 Star hotel,TripAdvisor: 3.5/5,Standard AC Room Only,"15,797","15,673",Save Rs.124,0,0,1,1,1,IN,0,http://www.cleartrip.com/packages/results?origin=AMD&city=Bhubaneswar&chk_out=3%2F02%2F2014&childs=0&from=AMD&adults=1&dest_code=32815&num_rooms=1&country=IN&children1=0&state=Orissa&depart_date=1%2F02%2F2014&infants=0&chk_in=1%2F02%2F2014&return_date=3%2F02%2F2014&adults1=1
Hotel Excellency,08:40  13:35,14:05  19:25,"4h 55m, 1 stop","5h 20m, 1 stop",3 Star hotel,TripAdvisor: 3/5,Executive Room with Breakfast,"16,635","16,459",Save Rs.176,0,0,1,1,1,IN,0,http://www.cleartrip.com/packages/results?origin=AMD&city=Bhubaneswar&chk_out=3%2F02%2F2014&childs=0&from=AMD&adults=1&dest_code=32815&num_rooms=1&country=IN&children1=0&state=Orissa&depart_date=1%2F02%2F2014&infants=0&chk_in=1%2F02%2F2014&return_date=3%2F02%2F2014&adults1=1
The Presidency,08:40  13:35,14:05  19:25,"4h 55m, 1 stop","5h 20m, 1 stop",3 Star hotel,TripAdvisor: 3.5/5,Standard Twin Room Only,"15,959","15,811",Save Rs.148,0,0,1,1,1,IN,0,http://www.cleartrip.com/packages/results?origin=AMD&city=Bhubaneswar&chk_out=3%2F02%2F2014&childs=0&from=AMD&adults=1&dest_code=32815&num_rooms=1&country=IN&children1=0&state=Orissa&depart_date=1%2F02%2F2014&infants=0&chk_in=1%2F02%2F2014&return_date=3%2F02%2F2014&adults1=1
Ginger Ahmedabad,14:05  19:25,07:10  12:35,"5h 20m, 1 stop","5h 25m, 1 stop",3 Star hotel,TripAdvisor: 3.5/5,Smart Single Room Rate,"21,521","21,232",Save Rs.289,0,0,1,1,1,IN,0,http://www.cleartrip.com/packages/results?origin=BBI&city=Ahmedabad&chk_out=3%2F02%2F2014&childs=0&from=BBI&adults=1&dest_code=32136&num_rooms=1&country=IN&children1=0&state=Gujarat&depart_date=1%2F02%2F2014&infants=0&chk_in=1%2F02%2F2014&return_date=3%2F02%2F2014&adults1=1
Summit Hotel,14:05  19:25,07:10  12:35,"5h 20m, 1 stop","5h 25m, 1 stop",3 Star hotel,TripAdvisor: 3.5/5,AC Executive Room,"17,218","17,053",Save Rs.165,0,0,1,1,1,IN,0,http://www.cleartrip.com/packages/results?origin=BBI&city=Ahmedabad&chk_out=3%2F02%2F2014&childs=0&from=BBI&adults=1&dest_code=32136&num_rooms=1&country=IN&children1=0&state=Gujarat&depart_date=1%2F02%2F2014&infants=0&chk_in=1%2F02%2F2014&return_date=3%2F02%2F2014&adults1=1
Sarovar Portico Ahmedabad,14:05  19:25,07:10  12:35,"5h 20m, 1 stop","5h 25m, 1 stop",3 Star hotel,TripAdvisor: 3.5/5,Standard Room,"17,517","17,303",Save Rs.214,0,0,1,1,1,IN,0,http://www.cleartrip.com/packages/results?origin=BBI&city=Ahmedabad&chk_out=3%2F02%2F2014&childs=0&from=BBI&adults=1&dest_code=32136&num_rooms=1&country=IN&children1=0&state=Gujarat&depart_date=1%2F02%2F2014&infants=0&chk_in=1%2F02%2F2014&return_date=3%2F02%2F2014&adults1=1
Ramada Ahmedabad,14:05  19:25,07:10  12:35,"5h 20m, 1 stop","5h 25m, 1 stop",4 Star hotel,TripAdvisor: 3.5/5,Superior Room Package,"22,519","22,170",Save Rs.349,0,0,1,1,1,IN,0,http://www.cleartrip.com/packages/results?origin=BBI&city=Ahmedabad&chk_out=3%2F02%2F2014&childs=0&from=BBI&adults=1&dest_code=32136&num_rooms=1&country=IN&children1=0&state=Gujarat&depart_date=1%2F02%2F2014&infants=0&chk_in=1%2F02%2F2014&return_date=3%2F02%2F2014&adults1=1
Hotel Chambers Ahmedabad,14:05  19:25,07:10  12:35,"5h 20m, 1 stop","5h 25m, 1 stop",3 Star hotel,TripAdvisor: 3.5/5,Ecobiz Room Package,"16,024","15,525",Save Rs.499,0,0,1,1,1,IN,0,http://www.cleartrip.com/packages/results?origin=BBI&city=Ahmedabad&chk_out=3%2F02%2F2014&childs=0&from=BBI&adults=1&dest_code=32136&num_rooms=1&country=IN&children1=0&state=Gujarat&depart_date=1%2F02%2F2014&infants=0&chk_in=1%2F02%2F2014&return_date=3%2F02%2F2014&adults1=1
Tulip Inn Ahmedabad,14:05  19:25,07:10  12:35,"5h 20m, 1 stop","5h 25m, 1 stop",3 Star hotel,TripAdvisor: 3.5/5,Executive Room Rates Package,"18,308","18,061",Save Rs.247,0,0,1,1,1,IN,0,http://www.cleartrip.com/packages/results?origin=BBI&city=Ahmedabad&chk_out=3%2F02%2F2014&childs=0&from=BBI&adults=1&dest_code=32136&num_rooms=1&country=IN&children1=0&state=Gujarat&depart_date=1%2F02%2F2014&infants=0&chk_in=1%2F02%2F2014&return_date=3%2F02%2F2014&adults1=1
Radisson Blu Hotel,14:05  19:25,07:10  12:35,"5h 20m, 1 stop","5h 25m, 1 stop",5 Star hotel,TripAdvisor: 4/5,Best Available Rate - Superior Room,"28,730","28,192",Save Rs.538,0,0,1,1,1,IN,0,http://www.cleartrip.com/packages/results?origin=BBI&city=Ahmedabad&chk_out=3%2F02%2F2014&childs=0&from=BBI&adults=1&dest_code=32136&num_rooms=1&country=IN&children1=0&state=Gujarat&depart_date=1%2F02%2F2014&infants=0&chk_in=1%2F02%2F2014&return_date=3%2F02%2F2014&adults1=1
Hotel Dev Corporate,14:05  19:25,07:10  12:35,"5h 20m, 1 stop","5h 25m, 1 stop",3 Star hotel,TripAdvisor: 3.5/5,AC Deluxe Room,"17,828","17,601",Save Rs.227,0,0,1,1,1,IN,0,http://www.cleartrip.com/packages/results?origin=BBI&city=Ahmedabad&chk_out=3%2F02%2F2014&childs=0&from=BBI&adults=1&dest_code=32136&num_rooms=1&country=IN&children1=0&state=Gujarat&depart_date=1%2F02%2F2014&infants=0&chk_in=1%2F02%2F2014&return_date=3%2F02%2F2014&adults1=1
Park Plaza Ahmedabad,14:05  19:25,07:10  12:35,"5h 20m, 1 stop","5h 25m, 1 stop",4 Star hotel,TripAdvisor: 4.5/5,Standard Room,"21,502","21,167",Save Rs.335,0,0,1,1,1,IN,0,http://www.cleartrip.com/packages/results?origin=BBI&city=Ahmedabad&chk_out=3%2F02%2F2014&childs=0&from=BBI&adults=1&dest_code=32136&num_rooms=1&country=IN&children1=0&state=Gujarat&depart_date=1%2F02%2F2014&infants=0&chk_in=1%2F02%2F2014&return_date=3%2F02%2F2014&adults1=1
Lemon Tree Hotel Ahmedabad,14:05  19:25,07:10  12:35,"5h 20m, 1 stop","5h 25m, 1 stop",4 Star hotel,TripAdvisor: 4/5,Standard Room Only,"19,497","19,269",Save Rs.228,0,0,1,1,1,IN,0,http://www.cleartrip.com/packages/results?origin=BBI&city=Ahmedabad&chk_out=3%2F02%2F2014&childs=0&from=BBI&adults=1&dest_code=32136&num_rooms=1&country=IN&children1=0&state=Gujarat&depart_date=1%2F02%2F2014&infants=0&chk_in=1%2F02%2F2014&return_date=3%2F02%2F2014&adults1=1
Somerset Lake Point,21:20  09:15,20:10  09:15,"10h 25m, 2 stops","14h 35m, 2 stops",4 Star hotel,TripAdvisor: 4/5,Studio Executive Tower B Room Only,"31,028","29,606","Save Rs.1,422",0,0,1,1,1,TH,0,http://www.cleartrip.com/packages/results?origin=AMD&city=Bangkok&chk_out=3%2F02%2F2014&childs=0&from=AMD&adults=1&dest_code=100073&num_rooms=1&country=TH&children1=0&state=&depart_date=1%2F02%2F2014&infants=0&chk_in=1%2F02%2F2014&return_date=3%2F02%2F2014&adults1=1
Pullman Bangkok Hotel G,21:20  09:15,20:10  09:15,"10h 25m, 2 stops","14h 35m, 2 stops",4 Star hotel,TripAdvisor: 4.5/5,"Deluxe Room, 1 King Bed","34,161","31,430","Save Rs.2,731",0,0,1,1,1,TH,0,http://www.cleartrip.com/packages/results?origin=AMD&city=Bangkok&chk_out=3%2F02%2F2014&childs=0&from=AMD&adults=1&dest_code=100073&num_rooms=1&country=TH&children1=0&state=&depart_date=1%2F02%2F2014&infants=0&chk_in=1%2F02%2F2014&return_date=3%2F02%2F2014&adults1=1
Tower club at lebua,21:20  09:15,20:10  09:15,"10h 25m, 2 stops","14h 35m, 2 stops",5 Star hotel,TripAdvisor: 4.5/5,Tower Club City View Suite - Minimum 2 nights,"47,246","45,454","Save Rs.1,792",0,0,1,1,1,TH,0,http://www.cleartrip.com/packages/results?origin=AMD&city=Bangkok&chk_out=3%2F02%2F2014&childs=0&from=AMD&adults=1&dest_code=100073&num_rooms=1&country=TH&children1=0&state=&depart_date=1%2F02%2F2014&infants=0&chk_in=1%2F02%2F2014&return_date=3%2F02%2F2014&adults1=1
Thanapa Apartment,21:20  09:15,20:10  09:15,"10h 25m, 2 stops","14h 35m, 2 stops",2 Star hotel,NA,Studio with Fan - Room Only,"21,298","20,084","Save Rs.1,214",0,0,1,1,1,TH,0,http://www.cleartrip.com/packages/results?origin=AMD&city=Bangkok&chk_out=3%2F02%2F2014&childs=0&from=AMD&adults=1&dest_code=100073&num_rooms=1&country=TH&children1=0&state=&depart_date=1%2F02%2F2014&infants=0&chk_in=1%2F02%2F2014&return_date=3%2F02%2F2014&adults1=1
Sawasdee Smile Inn,21:20  09:15,20:10  09:15,"10h 25m, 2 stops","14h 35m, 2 stops",1 Star hotel,TripAdvisor: 2/5,Standard Fan Shared Bathroom (Single) - Room only,"21,380","20,153","Save Rs.1,227",0,0,1,1,1,TH,0,http://www.cleartrip.com/packages/results?origin=AMD&city=Bangkok&chk_out=3%2F02%2F2014&childs=0&from=AMD&adults=1&dest_code=100073&num_rooms=1&country=TH&children1=0&state=&depart_date=1%2F02%2F2014&infants=0&chk_in=1%2F02%2F2014&return_date=3%2F02%2F2014&adults1=1
Sawasdee Welcome Inn,21:20  09:15,20:10  09:15,"10h 25m, 2 stops","14h 35m, 2 stops",1 Star hotel,TripAdvisor: 2/5,Standard Fan Shared Bathroom (Single) - Room only,"21,380","20,153","Save Rs.1,227",0,0,1,1,1,TH,0,http://www.cleartrip.com/packages/results?origin=AMD&city=Bangkok&chk_out=3%2F02%2F2014&childs=0&from=AMD&adults=1&dest_code=100073&num_rooms=1&country=TH&children1=0&state=&depart_date=1%2F02%2F2014&infants=0&chk_in=1%2F02%2F2014&return_date=3%2F02%2F2014&adults1=1
Suneta Hostel Khaosan,21:20  09:15,20:10  09:15,"10h 25m, 2 stops","14h 35m, 2 stops",2 Star hotel,TripAdvisor: 4.5/5,"Shared Dormitory, Mixed Dorm - Room Only","21,463","20,267","Save Rs.1,196",0,0,1,1,1,TH,0,http://www.cleartrip.com/packages/results?origin=AMD&city=Bangkok&chk_out=3%2F02%2F2014&childs=0&from=AMD&adults=1&dest_code=100073&num_rooms=1&country=TH&children1=0&state=&depart_date=1%2F02%2F2014&infants=0&chk_in=1%2F02%2F2014&return_date=3%2F02%2F2014&adults1=1
Thanapa Mansion,21:20  09:15,20:10  09:15,"10h 25m, 2 stops","14h 35m, 2 stops",2 Star hotel,TripAdvisor: 3/5,Studio with Fan - No TV - Room Only,"21,504","20,258","Save Rs.1,246",0,0,1,1,1,TH,0,http://www.cleartrip.com/packages/results?origin=AMD&city=Bangkok&chk_out=3%2F02%2F2014&childs=0&from=AMD&adults=1&dest_code=100073&num_rooms=1&country=TH&children1=0&state=&depart_date=1%2F02%2F2014&infants=0&chk_in=1%2F02%2F2014&return_date=3%2F02%2F2014&adults1=1
Lub d Bangkok - Silom - Hostel,21:20  09:15,20:10  09:15,"10h 25m, 2 stops","14h 35m, 2 stops",2 Star hotel,TripAdvisor: 4.5/5,Railway twin,"24,199","22,528","Save Rs.1,671",0,0,1,1,1,TH,0,http://www.cleartrip.com/packages/results?origin=AMD&city=Bangkok&chk_out=3%2F02%2F2014&childs=0&from=AMD&adults=1&dest_code=100073&num_rooms=1&country=TH&children1=0&state=&depart_date=1%2F02%2F2014&infants=0&chk_in=1%2F02%2F2014&return_date=3%2F02%2F2014&adults1=1
Chinatown Hotel,21:20  09:15,20:10  09:15,"10h 25m, 2 stops","14h 35m, 2 stops",3 Star hotel,TripAdvisor: 3.5/5,Standard Room,"24,907","23,954",Save Rs.953,0,0,1,1,1,TH,0,http://www.cleartrip.com/packages/results?origin=AMD&city=Bangkok&chk_out=3%2F02%2F2014&childs=0&from=AMD&adults=1&dest_code=100073&num_rooms=1&country=TH&children1=0&state=&depart_date=1%2F02%2F2014&infants=0&chk_in=1%2F02%2F2014&return_date=3%2F02%2F2014&adults1=1
Ginger Ahmedabad,14:35  04:10,15:55  05:40,"15h 5m, 1 stop","12h 15m, 2 stops",3 Star hotel,TripAdvisor: 3.5/5,Smart Single Room Rate,"28,552","28,263",Save Rs.289,0,0,1,1,1,IN,0,http://www.cleartrip.com/packages/results?origin=BKK&city=Ahmedabad&chk_out=3%2F02%2F2014&childs=0&from=BKK&adults=1&dest_code=32136&num_rooms=1&country=IN&children1=0&state=&depart_date=1%2F02%2F2014&infants=0&chk_in=1%2F02%2F2014&return_date=3%2F02%2F2014&adults1=1
Summit Hotel,14:35  04:10,15:55  05:40,"15h 5m, 1 stop","12h 15m, 2 stops",3 Star hotel,TripAdvisor: 3.5/5,AC Executive Room,"24,249","24,084",Save Rs.165,0,0,1,1,1,IN,0,http://www.cleartrip.com/packages/results?origin=BKK&city=Ahmedabad&chk_out=3%2F02%2F2014&childs=0&from=BKK&adults=1&dest_code=32136&num_rooms=1&country=IN&children1=0&state=&depart_date=1%2F02%2F2014&infants=0&chk_in=1%2F02%2F2014&return_date=3%2F02%2F2014&adults1=1
Sarovar Portico Ahmedabad,14:35  04:10,15:55  05:40,"15h 5m, 1 stop","12h 15m, 2 stops",3 Star hotel,TripAdvisor: 3.5/5,Standard Room,"24,548","24,334",Save Rs.214,0,0,1,1,1,IN,0,http://www.cleartrip.com/packages/results?origin=BKK&city=Ahmedabad&chk_out=3%2F02%2F2014&childs=0&from=BKK&adults=1&dest_code=32136&num_rooms=1&country=IN&children1=0&state=&depart_date=1%2F02%2F2014&infants=0&chk_in=1%2F02%2F2014&return_date=3%2F02%2F2014&adults1=1
Ramada Ahmedabad,14:35  04:10,15:55  05:40,"15h 5m, 1 stop","12h 15m, 2 stops",4 Star hotel,TripAdvisor: 3.5/5,Superior Room Package,"29,550","29,201",Save Rs.349,0,0,1,1,1,IN,0,http://www.cleartrip.com/packages/results?origin=BKK&city=Ahmedabad&chk_out=3%2F02%2F2014&childs=0&from=BKK&adults=1&dest_code=32136&num_rooms=1&country=IN&children1=0&state=&depart_date=1%2F02%2F2014&infants=0&chk_in=1%2F02%2F2014&return_date=3%2F02%2F2014&adults1=1
Hotel Chambers Ahmedabad,14:35  04:10,15:55  05:40,"15h 5m, 1 stop","12h 15m, 2 stops",3 Star hotel,TripAdvisor: 3.5/5,Ecobiz Room Package,"23,055","22,556",Save Rs.499,0,0,1,1,1,IN,0,http://www.cleartrip.com/packages/results?origin=BKK&city=Ahmedabad&chk_out=3%2F02%2F2014&childs=0&from=BKK&adults=1&dest_code=32136&num_rooms=1&country=IN&children1=0&state=&depart_date=1%2F02%2F2014&infants=0&chk_in=1%2F02%2F2014&return_date=3%2F02%2F2014&adults1=1
Tulip Inn Ahmedabad,14:35  04:10,15:55  05:40,"15h 5m, 1 stop","12h 15m, 2 stops",3 Star hotel,TripAdvisor: 3.5/5,Executive Room Rates Package,"25,339","25,092",Save Rs.247,0,0,1,1,1,IN,0,http://www.cleartrip.com/packages/results?origin=BKK&city=Ahmedabad&chk_out=3%2F02%2F2014&childs=0&from=BKK&adults=1&dest_code=32136&num_rooms=1&country=IN&children1=0&state=&depart_date=1%2F02%2F2014&infants=0&chk_in=1%2F02%2F2014&return_date=3%2F02%2F2014&adults1=1
Radisson Blu Hotel,14:35  04:10,15:55  05:40,"15h 5m, 1 stop","12h 15m, 2 stops",5 Star hotel,TripAdvisor: 4/5,Best Available Rate - Superior Room,"35,761","35,223",Save Rs.538,0,0,1,1,1,IN,0,http://www.cleartrip.com/packages/results?origin=BKK&city=Ahmedabad&chk_out=3%2F02%2F2014&childs=0&from=BKK&adults=1&dest_code=32136&num_rooms=1&country=IN&children1=0&state=&depart_date=1%2F02%2F2014&infants=0&chk_in=1%2F02%2F2014&return_date=3%2F02%2F2014&adults1=1
Hotel Dev Corporate,14:35  04:10,15:55  05:40,"15h 5m, 1 stop","12h 15m, 2 stops",3 Star hotel,TripAdvisor: 3.5/5,AC Deluxe Room,"24,859","24,632",Save Rs.227,0,0,1,1,1,IN,0,http://www.cleartrip.com/packages/results?origin=BKK&city=Ahmedabad&chk_out=3%2F02%2F2014&childs=0&from=BKK&adults=1&dest_code=32136&num_rooms=1&country=IN&children1=0&state=&depart_date=1%2F02%2F2014&infants=0&chk_in=1%2F02%2F2014&return_date=3%2F02%2F2014&adults1=1
Park Plaza Ahmedabad,14:35  04:10,15:55  05:40,"15h 5m, 1 stop","12h 15m, 2 stops",4 Star hotel,TripAdvisor: 4.5/5,Standard Room,"28,533","28,198",Save Rs.335,0,0,1,1,1,IN,0,http://www.cleartrip.com/packages/results?origin=BKK&city=Ahmedabad&chk_out=3%2F02%2F2014&childs=0&from=BKK&adults=1&dest_code=32136&num_rooms=1&country=IN&children1=0&state=&depart_date=1%2F02%2F2014&infants=0&chk_in=1%2F02%2F2014&return_date=3%2F02%2F2014&adults1=1
Lemon Tree Hotel Ahmedabad,14:35  04:10,15:55  05:40,"15h 5m, 1 stop","12h 15m, 2 stops",4 Star hotel,TripAdvisor: 4/5,Standard Room Only,"26,528","26,300",Save Rs.228,0,0,1,1,1,IN,0,http://www.cleartrip.com/packages/results?origin=BKK&city=Ahmedabad&chk_out=3%2F02%2F2014&childs=0&from=BKK&adults=1&dest_code=32136&num_rooms=1&country=IN&children1=0&state=&depart_date=1%2F02%2F2014&infants=0&chk_in=1%2F02%2F2014&return_date=3%2F02%2F2014&adults1=1
1589 Generation X Hotel,06:40  09:45,10:15  18:50,"3h 5m, 1 stop","8h 35m, 1 stop",4 Star hotel,TripAdvisor: 4/5,Deluxe Room Package,"13,960","13,330",Save Rs.630,0,0,1,1,1,IN,0,http://www.cleartrip.com/packages/results?origin=AMD&city=Bhavnagar&chk_out=3%2F02%2F2014&childs=0&from=AMD&adults=1&dest_code=32771&num_rooms=1&country=IN&children1=0&state=Gujarat&depart_date=1%2F02%2F2014&infants=0&chk_in=1%2F02%2F2014&return_date=3%2F02%2F2014&adults1=1
Top3 Lords Resort,06:40  09:45,10:15  18:50,"3h 5m, 1 stop","8h 35m, 1 stop",2 Star hotel,TripAdvisor: 4.5/5,Deluxe Room,"16,755","16,436",Save Rs.319,0,0,1,1,1,IN,0,http://www.cleartrip.com/packages/results?origin=AMD&city=Bhavnagar&chk_out=3%2F02%2F2014&childs=0&from=AMD&adults=1&dest_code=32771&num_rooms=1&country=IN&children1=0&state=Gujarat&depart_date=1%2F02%2F2014&infants=0&chk_in=1%2F02%2F2014&return_date=3%2F02%2F2014&adults1=1
Hotel Sun N Shine,06:40  09:45,10:15  18:50,"3h 5m, 1 stop","8h 35m, 1 stop",3 Star hotel,TripAdvisor: 3/5,A/c Deluxe Room,"13,029","12,894",Save Rs.135,0,0,1,1,1,IN,0,http://www.cleartrip.com/packages/results?origin=AMD&city=Bhavnagar&chk_out=3%2F02%2F2014&childs=0&from=AMD&adults=1&dest_code=32771&num_rooms=1&country=IN&children1=0&state=Gujarat&depart_date=1%2F02%2F2014&infants=0&chk_in=1%2F02%2F2014&return_date=3%2F02%2F2014&adults1=1
Hotel Blue Hill,06:40  09:45,10:15  18:50,"3h 5m, 1 stop","8h 35m, 1 stop",2 Star hotel,TripAdvisor: 3/5,A/C Room,"14,242","14,074",Save Rs.168,0,0,1,1,1,IN,0,http://www.cleartrip.com/packages/results?origin=AMD&city=Bhavnagar&chk_out=3%2F02%2F2014&childs=0&from=AMD&adults=1&dest_code=32771&num_rooms=1&country=IN&children1=0&state=Gujarat&depart_date=1%2F02%2F2014&infants=0&chk_in=1%2F02%2F2014&return_date=3%2F02%2F2014&adults1=1
Shree Hotel,06:40  09:45,10:15  18:50,"3h 5m, 1 stop","8h 35m, 1 stop",NA,NA,Deluxe Room,"14,930","14,720",Save Rs.210,0,0,1,1,1,IN,0,http://www.cleartrip.com/packages/results?origin=AMD&city=Bhavnagar&chk_out=3%2F02%2F2014&childs=0&from=AMD&adults=1&dest_code=32771&num_rooms=1&country=IN&children1=0&state=Gujarat&depart_date=1%2F02%2F2014&infants=0&chk_in=1%2F02%2F2014&return_date=3%2F02%2F2014&adults1=1
