159535,Amden,Switzerland,NA
159934,Bamdun,Lebanon,NA
159535,Amden,Switzerland,NA
159535,Amden,Switzerland,NA
116113,Pitesti,Romania,NA
152384,Hanau am Main,Germany,NA
100665,Zaragoza,Spain,NA
101963,Kaprun,Austria,NA
157863,Kappl,Austria,NA
155299,Fugen,Austria,NA
100265,Auckland,New Zealand,NA
107398,Mangere,New Zealand,NA
139255,Auckland Airport,New Zealand,NA
100117,Rome,Italy,NA
157058,Mytilini,Greece,NA
116825,Conde Ixa-a-Nova,Portugal,NA
32131,Agra,"Uttar Pradesh, India",Uttar Pradesh
100908,Malaga,Spain,NA
100053,Augusta,"Georgia, United States",GA
100309,Agadir,Morocco,NA
104486,Aix En  Provence,France,NA
102799,Aachen,Germany,NA
104489,Aix Les Bains,France,NA
101686,Aguascalientes,Mexico,NA
100717,Augsburg,Germany,NA
101501,Alexandria,"Louisiana, United States",LA
32131,Agra,"Uttar Pradesh, India",Uttar Pradesh
32131,Agra,"Uttar Pradesh, India",Uttar Pradesh
32131,Agra,"Uttar Pradesh, India",Uttar Pradesh
32131,Agra,"Uttar Pradesh, India",Uttar Pradesh
32131,Agra,"Uttar Pradesh, India",Uttar Pradesh
32131,Agra,"Uttar Pradesh, India",Uttar Pradesh
106304,Agrigento,Italy,NA
114746,Agropoli,Italy,NA
166783,Agra,Switzerland,NA
175232,Agri,Turkey,NA
100139,Atlanta,"Georgia, United States",GA
100265,Auckland,New Zealand,NA
100137,Asheville,"North Carolina, United States",NC
100140,Atlantic City,"New Jersey, United States",NJ
100513,Ajaccio,France,NA
104580,Cap d'Ail,France,NA
109894,Hendersonville,"North Carolina, United States",NC
118040,Marshall,"Texas, United States",TX
109689,Albert Lea,"Minnesota, United States",MN
116149,Al,Norway,NA
33013,Chandigarh,"Chandigarh, India",Chandigarh
35906,Port Blair,"Andaman and Nicobar Islands, India",Andaman and Nicobar Islands
36096,Ranchi,"Jharkhand, India",Jharkhand
34881,Madurai,"Tamil Nadu, India",Tamil Nadu
34013,Jammu,"Jammu and Kashmir, India",Jammu and Kashmir
35019,Mangalore,"Karnataka, India",Karnataka
32188,Allahabad,"Uttar Pradesh, India",Uttar Pradesh
34016,Jamshedpur,"Jharkhand, India",Jharkhand
35753,Pathankot,"Punjab, India",Punjab
100182,Indianapolis,"Indiana, United States",IN
32257,Amritsar,"Punjab, India",Punjab
100139,Atlanta,"Georgia, United States",GA
100133,Albuquerque,"New Mexico, United States",NM
101687,Almaty,Kazakhstan,NA
100140,Atlantic City,"New Jersey, United States",NJ
100518,Appleton,"Wisconsin, United States",WI
101697,Watertown,"South Dakota, United States",SD
117775,Athens,"Ohio, United States",OH
114187,Anqing,China,NA
109279,Angola,"Indiana, United States",IN
33013,Chandigarh,"Chandigarh, India",Chandigarh
35906,Port Blair,"Andaman and Nicobar Islands, India",Andaman and Nicobar Islands
36096,Ranchi,"Jharkhand, India",Jharkhand
34881,Madurai,"Tamil Nadu, India",Tamil Nadu
34013,Jammu,"Jammu and Kashmir, India",Jammu and Kashmir
35019,Mangalore,"Karnataka, India",Karnataka
32188,Allahabad,"Uttar Pradesh, India",Uttar Pradesh
34016,Jamshedpur,"Jharkhand, India",Jharkhand
35753,Pathankot,"Punjab, India",Punjab
139226,Izu,Japan,NA
32550,Bangalore,"Karnataka, India",Karnataka
100110,Berlin,Germany,NA
101517,Bologna,Italy,NA
100011,Baton Rouge,"Louisiana, United States",LA
109817,Biloxi,"Mississippi, United States",MS
100728,Bloomington,"Illinois, United States",IL
100529,Bar Harbor,"Maine, United States",ME
100324,Bangor,"Maine, United States",ME
101702,Bellingham,"Washington, United States",WA
101708,Beziers,France,NA
32809,Bhopal,"Madhya Pradesh, India",Madhya Pradesh
37154,Visakhapatnam,"Andhra Pradesh, India",Andhra Pradesh
35334,Nainital,"Uttaranchal, India",Uttaranchal
32809,Bhopal,"Madhya Pradesh, India",Madhya Pradesh
32809,Bhopal,"Madhya Pradesh, India",Madhya Pradesh
32756,Bharuch,"Gujarat, India",Gujarat
148382,Ramgarh,"Uttaranchal, India",Uttaranchal
33968,Jaipur,"Rajasthan, India",Rajasthan
32131,Agra,"Uttar Pradesh, India",Uttar Pradesh
136723,Saint Herblain,France,NA
101111,Kota Kinabalu,Malaysia,NA
100143,Baltimore,"Maryland, United States",MD
100331,Boise,"Idaho, United States",ID
100731,Bari,Italy,NA
101702,Bellingham,"Washington, United States",WA
101956,Baden,Austria,NA
114401,Bay City,"Texas, United States",TX
102881,Feldkirchen,Germany,NA
101335,Bemidji,"Minnesota, United States",MN
101109,Bahia Blanca,Argentina,NA
100073,Bangkok,Thailand,NA
137986,Bang Phli,Thailand,NA
140165,Samut Prakan,Thailand,NA
100073,Bangkok,Thailand,NA
100073,Bangkok,Thailand,NA
181103,Bahadurgarh,"Haryana, India",Haryana
102415,Bahamas,Bahamas,NA
149540,Bahia de Sant Antoni,Spain,NA
101109,Bahia Blanca,Argentina,NA
116077,Baharia Oasis,Egypt,NA
155527,Bahlingen,Germany,NA
172749,Bahawalpur,Pakistan,NA
179788,Bahenec,Czech Republic,NA
171963,Bahnitz,Germany,NA
172782,Bahia Bustamante,Argentina,NA
33013,Chandigarh,"Chandigarh, India",Chandigarh
35906,Port Blair,"Andaman and Nicobar Islands, India",Andaman and Nicobar Islands
36096,Ranchi,"Jharkhand, India",Jharkhand
34881,Madurai,"Tamil Nadu, India",Tamil Nadu
34013,Jammu,"Jammu and Kashmir, India",Jammu and Kashmir
35019,Mangalore,"Karnataka, India",Karnataka
32188,Allahabad,"Uttar Pradesh, India",Uttar Pradesh
34016,Jamshedpur,"Jharkhand, India",Jharkhand
35753,Pathankot,"Punjab, India",Punjab
100599,Islamabad,Pakistan,NA
33013,Chandigarh,"Chandigarh, India",Chandigarh
35906,Port Blair,"Andaman and Nicobar Islands, India",Andaman and Nicobar Islands
36096,Ranchi,"Jharkhand, India",Jharkhand
34881,Madurai,"Tamil Nadu, India",Tamil Nadu
34013,Jammu,"Jammu and Kashmir, India",Jammu and Kashmir
35019,Mangalore,"Karnataka, India",Karnataka
32188,Allahabad,"Uttar Pradesh, India",Uttar Pradesh
34016,Jamshedpur,"Jharkhand, India",Jharkhand
35753,Pathankot,"Punjab, India",Punjab
100214,Niagara Falls,"New York, United States",NY
32815,Bhubaneswar,"Orissa, India",Orissa
32817,Bhuj,"Gujarat, India",Gujarat
172654,Bhurban,Pakistan,NA
36928,Udaipur,"Rajasthan, India",Rajasthan
37276,Haridwar,"Uttaranchal, India",Uttaranchal
35334,Nainital,"Uttaranchal, India",Uttaranchal
32815,Bhubaneswar,"Orissa, India",Orissa
34016,Jamshedpur,"Jharkhand, India",Jharkhand
34707,Kullu,"Himachal Pradesh, India",Himachal Pradesh
35760,Patiala,"Punjab, India",Punjab
32809,Bhopal,"Madhya Pradesh, India",Madhya Pradesh
32817,Bhuj,"Gujarat, India",Gujarat
32771,Bhavnagar,"Gujarat, India",Gujarat
100067,Birmingham,United Kingdom,NA
100145,Birmingham,"Alabama, United States",AL
100530,Blenheim,New Zealand,NA
110387,Wooster,"Ohio, United States",OH
132397,Phetchaburi,Thailand,NA
101109,Bahia Blanca,Argentina,NA
113187,Banda Aceh,Indonesia,NA
32903,Bodhgaya,"Bihar, India",Bihar
109623,Gaylord,"Michigan, United States",MI
138005,Gaya Island,Malaysia,NA
171244,Gaylord,"Minnesota, United States",MN
152600,Gayton,United Kingdom,NA
32903,Bodhgaya,"Bihar, India",Bihar
101119,Cairo,Egypt,NA
100187,Knoxville,"Tennessee, United States",TN
109623,Gaylord,"Michigan, United States",MI
138005,Gaya Island,Malaysia,NA
101232,Maastricht,Netherlands,NA
140259,Maanshan,China,NA
150216,Maaseik,Belgium,NA
146529,Maalaea,"Hawaii, United States",HI
150925,Maardu,Estonia,NA
159856,Maasmechelen,Belgium,NA
173005,Maasser Al Chouf,Lebanon,NA
152584,Maagan,Israel,NA
142900,Maale Hachamisha,Israel,NA
143561,Maalot - Tarshiha,Israel,NA
101166,Guatemala City,Guatemala,NA
115617,Isla Mujeres,Mexico,NA
115617,Isla Mujeres,Mexico,NA
33184,Coimbatore,"Tamil Nadu, India",Tamil Nadu
101710,Cebu,Philippines,NA
116236,Antigua Guatemala,Guatemala,NA
101528,Colombo,Sri Lanka,NA
107842,Chumphon,Thailand,NA
101120,Cochabamba,Bolivia,NA
106081,Castlebar,Ireland,NA
102606,Calama,Chile,NA
100743,Clarksburg,"West Virginia, United States",WV
109849,Cut Bank,"Montana, United States",MT
33070,Chennai,"Tamil Nadu, India",Tamil Nadu
33119,Chikmaglur,"Karnataka, India",Karnataka
33159,Chittorgarh,"Rajasthan, India",Rajasthan
33113,Chidambaram,"Tamil Nadu, India",Tamil Nadu
33142,Chiplun,"Maharashtra, India",Maharashtra
181383,Chitradurga,"Karnataka, India",Karnataka
181355,Chittoor,"Andhra Pradesh, India",Andhra Pradesh
33156,Chitrakoot,"Madhya Pradesh, India",Madhya Pradesh
101718,Chiang Mai,Thailand,NA
100153,Chicago,"Illinois, United States",IL
106972,Chisinau,Moldova,NA
139539,Ordu,Turkey,NA
101888,Ordino,Andorra,NA
140353,Ordos,China,NA
173003,Orderville,"Utah, United States",UT
179895,Ordes,Spain,NA
157224,Orduna,Spain,NA
111982,Salford,United Kingdom,NA
137769,Ansalonga,Andorra,NA
162276,Muir of Ord,United Kingdom,NA
152707,Sankt Peter-Ording,Germany,NA
100153,Chicago,"Illinois, United States",IL
109134,Alsip,"Illinois, United States",IL
109143,Bridgeview,"Illinois, United States",IL
137416,Burbank,"Illinois, United States",IL
131143,Crestwood,"Illinois, United States",IL
109231,Oak Lawn,"Illinois, United States",IL
104570,Cahors,France,NA
139713,Cahuita,Costa Rica,NA
164750,Cahersiveen,Ireland,NA
169439,Cahagnes,France,NA
116305,Caherdaniel,Ireland,NA
160479,Caherconlish,Ireland,NA
138831,Cahir,Ireland,NA
109146,Cahokia,"Illinois, United States",IL
153358,Cahuzac-sur-Vere,France,NA
117317,Collinsville,"Illinois, United States",IL
113547,Cabourg,France,NA
107056,Cabo San Lucas,Mexico,NA
138355,Cabo Frio,Brazil,NA
103132,Cabarete,Dominican Republic,NA
142426,Cable Beach,"Western Australia, Australia",WA
138295,Cabezon de la Sal,Spain,NA
102336,Cabo De Santo Agostinho,Brazil,NA
152007,Cabanas de Tavira,Portugal,NA
139421,Cabras,Italy,NA
134239,Cabries,France,NA
100349,Cordoba,Argentina,NA
104612,Clermont Ferrand,France,NA
101123,Caen,France,NA
104873,Saint Cyr Sur Mer,France,NA
104617,Colmar,France,NA
100744,Casper,"Wyoming, United States",WY
100340,Cherbourg,France,NA
141545,Tysons Corner,"Virginia, United States",VA
111009,Brattleboro,"Vermont, United States",VT
118001,Bryan,"Texas, United States",TX
100162,Daytona Beach,"Florida, United States",FL
108641,Danbury,"Connecticut, United States",CT
100162,Daytona Beach,"Florida, United States",FL
103044,Rostock,Germany,NA
108641,Danbury,"Connecticut, United States",CT
100797,Terre Haute,"Indiana, United States",IN
131469,Port Orange,"Florida, United States",FL
146758,Holly Hill,"Florida, United States",FL
37290,Pachmarhi,"Madhya Pradesh, India",Madhya Pradesh
100693,Dubuque,"Iowa, United States",IA
101297,Doha,Qatar,NA
146823,Dohat el Hoss,Lebanon,NA
100111,Budapest,Hungary,NA
101297,Doha,Qatar,NA
101297,Doha,Qatar,NA
101297,Doha,Qatar,NA
101297,Doha,Qatar,NA
101710,Cebu,Philippines,NA
138186,Mandaue,Philippines,NA
154304,Herford,Germany,NA
148477,Dachau,Germany,NA
156035,Dacice,Czech Republic,NA
169888,Dachsen,Switzerland,NA
148477,Dachau,Germany,NA
148477,Dachau,Germany,NA
148477,Dachau,Germany,NA
100633,Male,Maldives,NA
175957,Novyye Bezradichi,Ukraine,NA
152763,Rawai Beach,Thailand,NA
106972,Chisinau,Moldova,NA
109459,Dedham,"Massachusetts, United States",MA
157462,Deddington,United Kingdom,NA
139465,Dededo,Guam,NA
156137,Dedham,"Maine, United States",ME
159323,Dedinky,Slovakia,NA
100721,Antalya,Turkey,NA
149984,Sfakaki,Greece,NA
105712,Crete,Greece,NA
105712,Crete,Greece,NA
151395,Jimbaran,Indonesia,NA
33360,Dharamshala,"Himachal Pradesh, India",Himachal Pradesh
33572,Gandhidham,"Gujarat, India",Gujarat
101298,Dortmund,Germany,NA
100164,Des Moines,"Iowa, United States",IA
101296,Dothan,"Alabama, United States",AL
110107,Deming,"New Mexico, United States",NM
148080,Den Helder,Netherlands,NA
110787,Dalhart,"Texas, United States",TX
111043,Beaver Dam,"Wisconsin, United States",WI
146692,Drama,Greece,NA
33390,Dibrugarh,"Assam, India",Assam
133646,Dibba,Oman,NA
109822,Diberville,"Mississippi, United States",MS
133185,Dibba,United Arab Emirates,NA
172921,Diboll,"Texas, United States",TX
178259,Dibuny,Russia,NA
33390,Dibrugarh,"Assam, India",Assam
33390,Dibrugarh,"Assam, India",Assam
100441,Nanning,China,NA
172921,Diboll,"Texas, United States",TX
33416,Diu,"Daman and Diu, India",Daman and Diu
117102,Decatur,"Alabama, United States",AL
110107,Deming,"New Mexico, United States",NM
109807,Sedalia,"Missouri, United States",MO
147527,Cam Lam,Vietnam,NA
148503,Dushanbe,Tajikistan,NA
33416,Diu,"Daman and Diu, India",Daman and Diu
101479,Decatur,"Illinois, United States",IL
117102,Decatur,"Alabama, United States",AL
118012,Decatur,"Texas, United States",TX
33222,Daman,"Daman and Diu, India",Daman and Diu
33416,Diu,"Daman and Diu, India",Daman and Diu
33416,Diu,"Daman and Diu, India",Daman and Diu
33416,Diu,"Daman and Diu, India",Daman and Diu
113166,Verbier,Switzerland,NA
133206,Dominical,Costa Rica,NA
103547,Conil De La Frontera,Spain,NA
160542,Canggu,Indonesia,NA
100165,Detroit,"Michigan, United States",MI
101298,Dortmund,Germany,NA
101665,Del Rio,"Texas, United States",TX
110787,Dalhart,"Texas, United States",TX
113796,Dumaguete,Philippines,NA
138433,Dat Do,Vietnam,NA
109703,Detroit Lakes,"Minnesota, United States",MN
118073,Delta,"Utah, United States",UT
100111,Budapest,Hungary,NA
100111,Budapest,Hungary,NA
109666,Romulus,"Michigan, United States",MI
109680,Taylor,"Michigan, United States",MI
109675,Southgate,"Michigan, United States",MI
100169,Fresno,"California, United States",CA
100168,Fort Myers,"Florida, United States",FL
100142,Austin,"Texas, United States",TX
100181,Houston,"Texas, United States",TX
105184,Edinburg,United Kingdom,NA
110020,Edison,"New Jersey, United States",NJ
139734,Edirne,Turkey,NA
118016,Edinburg,"Texas, United States",TX
117357,Edinburgh,"Indiana, United States",IN
160170,Ediger-Eller,Germany,NA
109706,Edina,"Minnesota, United States",MN
150537,Edingen-Neckarhausen,Germany,NA
110509,Edinboro,"Pennsylvania, United States",PA
115923,Edinburgh Airport,United Kingdom,NA
171039,Medvezh'yegorsk,Russia,NA
140418,Leduc,"Alberta, Canada",AB
141292,Nisku,"Alberta, Canada",AB
106903,Astana,Kazakhstan,NA
158078,Yeadon,United Kingdom,NA
100574,Sligo,Ireland,NA
100490,Deauville,France,NA
151866,Near Sawrey,United Kingdom,NA
100076,Singapore,Singapore,NA
114270,Lijiang City,China,NA
101431,Porto,Portugal,NA
100574,Sligo,Ireland,NA
138547,Rosses Point,Ireland,NA
100574,Sligo,Ireland,NA
162302,Els Poblets,Spain,NA
151756,Elsenham,United Kingdom,NA
167151,Elsendorp,Netherlands,NA
148860,Elst,Netherlands,NA
155703,Elsterwerda,Germany,NA
153095,Els Hostalets,Spain,NA
148247,Elsah,"Illinois, United States",IL
131584,Elsbethen,Austria,NA
167749,Elsegem,Belgium,NA
164638,Elsigbach,Switzerland,NA
33013,Chandigarh,"Chandigarh, India",Chandigarh
100404,Ipoh,Malaysia,NA
105292,Ipswich,United Kingdom,NA
116255,Invercargill,New Zealand,NA
100405,Williamsport,"Pennsylvania, United States",PA
146297,Imperial,"California, United States",CA
100067,Birmingham,United Kingdom,NA
105292,Ipswich,United Kingdom,NA
100405,Williamsport,"Pennsylvania, United States",PA
110560,Montoursville,"Pennsylvania, United States",PA
167544,Zemborzyce Dolne,Poland,NA
139450,Zempin,Germany,NA
152593,Zemborzyce Tereszynskie,Poland,NA
100556,Riga,Latvia,NA
139942,Belgrade,Serbia,NA
131504,Vladivostok,Russia,NA
151095,Jelgava,Latvia,NA
100699,Eau Claire,"Wisconsin, United States",WI
176073,Eaux-Bonnes,France,NA
139181,Eaubonne,France,NA
173599,Eaucourt-sur-Somme,France,NA
161951,Eaunes,France,NA
160056,Eaux-Puiseaux,France,NA
146852,Eauze,France,NA
100699,Eau Claire,"Wisconsin, United States",WI
157527,Ovronnaz,Switzerland,NA
157527,Ovronnaz,Switzerland,NA
105184,Edinburg,United Kingdom,NA
100495,Erie,"Pennsylvania, United States",PA
109292,Elkhart,"Indiana, United States",IN
109081,Keokuk,"Iowa, United States",IA
109792,Neosho,"Missouri, United States",MO
147618,Izmit,Turkey,NA
100182,Indianapolis,"Indiana, United States",IN
100495,Erie,"Pennsylvania, United States",PA
109292,Elkhart,"Indiana, United States",IN
109081,Keokuk,"Iowa, United States",IA
171343,Edremit,Turkey,NA
105450,Pitlochry,United Kingdom,NA
140811,Cassino,Italy,NA
131710,Vourvourou,Greece,NA
100114,Madrid,Spain,NA
158746,Adrasan,Turkey,NA
102877,Essen,Germany,NA
101080,East London,South Africa,NA
110021,Egg Harbor Township,"New Jersey, United States",NJ
110793,Eagle Pass,"Texas, United States",TX
109792,Neosho,"Missouri, United States",MO
109108,Webster City,"Iowa, United States",IA
102877,Essen,Germany,NA
142511,Newcastle,"New South Wales, Australia",NSW
101080,East London,South Africa,NA
108080,Enterprise,"Alabama, United States",AL
100301,Frankfurt,Germany,NA
150428,Frankfurt/Main,Germany,NA
132241,Franschhoek,South Africa,NA
106469,Frascati,Italy,NA
117967,Franklin,"Tennessee, United States",TN
116249,Franz Josef,New Zealand,NA
134876,Frantiskovy Lazne,Czech Republic,NA
114895,Francavilla al Mare,Italy,NA
117796,Franklin,"Ohio, United States",OH
109468,Framingham,"Massachusetts, United States",MA
108745,Fort Lauderdale,"Florida, United States",FL
100900,Funchal,Portugal,NA
104808,Nimes,France,NA
100500,Flint,"Michigan, United States",MI
106463,Forli,Italy,NA
111061,Fond Du Lac,"Wisconsin, United States",WI
109707,Faribault,"Minnesota, United States",MN
103009,Neubrandenburg,Germany,NA
117291,Fairfield,"Iowa, United States",IA
131144,Fillmore,"Utah, United States",UT
100350,Catania,Italy,NA
131548,Fieberbrunn,Austria,NA
151074,Fiesch,Switzerland,NA
106451,Fiesole,Italy,NA
102445,Field,"British Columbia, Canada",BC
156746,Fiera di Primiero,Italy,NA
175403,Fiescherthal,Switzerland,NA
147507,Fie allo Sciliar,Italy,NA
179776,Fier,Albania,NA
158396,Fiesso,Switzerland,NA
134542,Fiesso Dartico,Italy,NA
33503,Faizabad,"Uttar Pradesh, India",Uttar Pradesh
100703,Fairbanks,"Alaska, United States",AK
110965,Fairfax,"Virginia, United States",VA
117145,Fairfield,"California, United States",CA
110309,Fairborn,"Ohio, United States",OH
147677,Fai della Paganella,Italy,NA
109171,Fairview Heights,"Illinois, United States",IL
118019,Fairfield,"Texas, United States",TX
118283,Fairmont,"West Virginia, United States",WV
138600,Fairmont Hot Springs,"British Columbia, Canada",BC
158538,Saint-Lyphard,France,NA
100595,Kiev,Ukraine,NA
105104,Cheltenham,United Kingdom,NA
101307,Sioux Falls,"South Dakota, United States",SD
101671,Friday Harbor,"Washington, United States",WA
111061,Fond Du Lac,"Wisconsin, United States",WI
109707,Faribault,"Minnesota, United States",MN
142472,Chadds Ford,"Pennsylvania, United States",PA
100501,Fort Dodge,"Iowa, United States",IA
140969,Fairbury,"Nebraska, United States",NE
138964,Rocky Ford,"Colorado, United States",CO
146723,Valley Ford,"California, United States",CA
111061,Fond Du Lac,"Wisconsin, United States",WI
117967,Franklin,"Tennessee, United States",TN
117401,Franklin,"Kentucky, United States",KY
117630,Franklin,"North Carolina, United States",NC
117436,Franklin,"Massachusetts, United States",MA
100899,Franklin,"Pennsylvania, United States",PA
117420,Franklin,"Louisiana, United States",LA
100211,New York,"New York, United States",NY
102873,Eisenach,Germany,NA
100052,Newark,"New Jersey, United States",NJ
100499,New Bern,"North Carolina, United States",NC
117387,Newton,"Kansas, United States",KS
111120,West Bend,"Wisconsin, United States",WI
135812,Entebbe,Uganda,NA
117225,Newark,"Delaware, United States",DE
105405,Newbury,United Kingdom,NA
102873,Eisenach,Germany,NA
109089,Newton,"Iowa, United States",IA
100168,Fort Myers,"Florida, United States",FL
101303,Friedrichshafen,Germany,NA
101088,Farmington,"New Mexico, United States",NM
114444,Falmouth,"Massachusetts, United States",MA
131287,French Lick,"Indiana, United States",IN
100705,Formosa,Argentina,NA
100168,Fort Myers,"Florida, United States",FL
101088,Farmington,"New Mexico, United States",NM
117208,Farmington,"Connecticut, United States",CT
117561,Farmington,"Missouri, United States",MO
102348,Goiania,Brazil,NA
163081,Alto Paraiso de Goias,Brazil,NA
150743,Going,Austria,NA
105659,Goiser,Guadeloupe,NA
167598,Goianapolis,Brazil,NA
146358,Going Am Wilden Kaiser,Austria,NA
102348,Goiania,Brazil,NA
102348,Goiania,Brazil,NA
102348,Goiania,Brazil,NA
147335,Grunau,Namibia,NA
33762,Guwahati,"Assam, India",Assam
103672,Gaucin,Spain,NA
155091,Gauting,Germany,NA
172959,Gautegiz Arteaga,Spain,NA
170340,Gaudies,France,NA
134310,Gaujac,France,NA
169695,Gauksmyri,Iceland,NA
162114,Gaula,Portugal,NA
175579,Gaultois,"Newfoundland and Labrador, Canada",NL
148614,Gaupne,Norway,NA
156990,Gopegi,Spain,NA
33070,Chennai,"Tamil Nadu, India",Tamil Nadu
33360,Dharamshala,"Himachal Pradesh, India",Himachal Pradesh
32266,Anand,"Gujarat, India",Gujarat
37162,Vrindavan,"Uttar Pradesh, India",Uttar Pradesh
37306,Berhampur,"Orissa, India",Orissa
34571,Kochi,"Kerala, India",Kerala
33763,Gwalior,"Madhya Pradesh, India",Madhya Pradesh
100709,Guadalajara,Mexico,NA
100793,Galway,Ireland,NA
116170,Gol,Norway,NA
146856,Rhayader,United Kingdom,NA
131158,Gold Beach,"Oregon, United States",OR
117600,Greenwood,"Mississippi, United States",MS
100491,Dresden,Germany,NA
117324,Galena,"Illinois, United States",IL
117600,Greenwood,"Mississippi, United States",MS
134656,Gaeta,Italy,NA
142727,Gaegelow,Germany,NA
151647,Gaerwen,United Kingdom,NA
134589,Reggio Di Calabria,Italy,NA
134656,Gaeta,Italy,NA
138783,Peiting,Germany,NA
103020,Oberammergau,Germany,NA
33239,Darjeeling,"West Bengal, India",West Bengal
100905,Gothenburg,Sweden,NA
100392,Guayaquil,Ecuador,NA
118024,Gainesville,"Texas, United States",TX
117888,Greensburg,"Pennsylvania, United States",PA
109469,Great Barrington,"Massachusetts, United States",MA
101494,Galesburg,"Illinois, United States",IL
109345,Great Bend,"Kansas, United States",KS
117932,Georgetown,"South Carolina, United States",SC
107280,Goes,Netherlands,NA
110629,Gaffney,"South Carolina, United States",SC
167081,Gafanha da Boa Hora,Portugal,NA
152285,Gafanha da Nazare,Portugal,NA
173356,Gafsa,Tunisia,NA
101837,Trapani,Italy,NA
101837,Trapani,Italy,NA
100367,Sundsvall,Sweden,NA
107862,Krabi,Thailand,NA
150581,Sankt Anton am Arlberg,Austria,NA
173356,Gafsa,Tunisia,NA
101313,Grenoble,France,NA
100171,Gainesville,"Florida, United States",FL
108446,Pacific Grove,"California, United States",CA
108338,Garden Grove,"California, United States",CA
109718,Maple Grove,"Minnesota, United States",MN
110109,Grants,"New Mexico, United States",NM
109161,Downers Grove,"Illinois, United States",IL
108321,Elk Grove,"California, United States",CA
109399,Oak Grove,"Kentucky, United States",KY
108960,Locust Grove,"Georgia, United States",GA
34574,Kodaikanal,"Tamil Nadu, India",Tamil Nadu
33239,Darjeeling,"West Bengal, India",West Bengal
101312,Glasgow,United Kingdom,NA
100172,Galveston,"Texas, United States",TX
105225,Gloucester,United Kingdom,NA
110972,Glen Allen,"Virginia, United States",VA
100711,Grand Forks,"North Dakota, United States",ND
107265,Breda,Netherlands,NA
118024,Gainesville,"Texas, United States",TX
101310,Garden City,"Kansas, United States",KS
109623,Gaylord,"Michigan, United States",MI
33897,Hyderabad,"Andhra Pradesh, India",Andhra Pradesh
33897,Hyderabad,"Andhra Pradesh, India",Andhra Pradesh
33897,Hyderabad,"Andhra Pradesh, India",Andhra Pradesh
33897,Hyderabad,"Andhra Pradesh, India",Andhra Pradesh
33897,Hyderabad,"Andhra Pradesh, India",Andhra Pradesh
33897,Hyderabad,"Andhra Pradesh, India",Andhra Pradesh
131779,Hydra Town,Greece,NA
105283,Hyde,United Kingdom,NA
110205,Hyde Park,"New York, United States",NY
33897,Hyderabad,"Andhra Pradesh, India",Andhra Pradesh
100153,Chicago,"Illinois, United States",IL
101169,The Hague,Netherlands,NA
100177,Harrisburg,"Pennsylvania, United States",PA
100310,Helsingborg,Sweden,NA
109827,Hattiesburg,"Mississippi, United States",MS
100398,Hickory,"North Carolina, United States",NC
118298,Wheeling,"West Virginia, United States",WV
101169,The Hague,Netherlands,NA
100177,Harrisburg,"Pennsylvania, United States",PA
109827,Hattiesburg,"Mississippi, United States",MS
33886,Hubli-Dharwad,"Karnataka, India",Karnataka
100177,Harrisburg,"Pennsylvania, United States",PA
100529,Bar Harbor,"Maine, United States",ME
100310,Helsingborg,Sweden,NA
109827,Hattiesburg,"Mississippi, United States",MS
110021,Egg Harbor Township,"New Jersey, United States",NJ
101514,Benton Harbor,"Michigan, United States",MI
101671,Friday Harbor,"Washington, United States",WA
109577,Boothbay Harbor,"Maine, United States",ME
100846,Oak Harbor,"Washington, United States",WA
35762,Patna,"Bihar, India",Bihar
114620,Hachinohe,Japan,NA
114667,Hachimantai,Japan,NA
114698,Hachioji,Japan,NA
108350,Hacienda Heights,"California, United States",CA
168743,Hacienda Porvenir,Ecuador,NA
164442,Hacienda Santa Maria,Costa Rica,NA
173448,Hachenburg,Germany,NA
172658,Hacibektas,Turkey,NA
173951,Hacienda Alvarez,Ecuador,NA
168416,Hacienda de Tarazona,Spain,NA
115735,Schladming,Austria,NA
109597,Auburn Hills,"Michigan, United States",MI
109788,Maryland Heights,"Missouri, United States",MO
112195,Seaside Heights,"New Jersey, United States",NJ
110061,Parsippany,"New Jersey, United States",NJ
100178,Hartford,"Connecticut, United States",CT
101416,Lynchburg,"Virginia, United States",VA
101756,Hays,"Kansas, United States",KS
108248,Beverly Hills,"California, United States",CA
109901,Kill Devil Hills,"North Carolina, United States",NC
108185,Fountain Hills,"Arizona, United States",AZ
101170,Hanoi,Vietnam,NA
107845,Hua Hin,Thailand,NA
102674,Wuhan,China,NA
111178,Ha Long,Vietnam,NA
114347,Yangzhou,China,NA
100585,Helena,"Montana, United States",MT
108884,Winter Haven,"Florida, United States",FL
101383,Harlingen,"Texas, United States",TX
101754,New Haven,"Connecticut, United States",CT
109673,South Haven,"Michigan, United States",MI
101720,Chengdu,China,NA
107845,Hua Hin,Thailand,NA
111191,Nha Trang,Vietnam,NA
106165,Haifa,Israel,NA
100395,Hohhot,China,NA
101070,Urumqi,China,NA
100801,Hyannis,"Massachusetts, United States",MA
100178,Hartford,"Connecticut, United States",CT
139371,Putian,China,NA
111853,Jiujiang,China,NA
114618,Hakuba,Japan,NA
106851,Hakone,Japan,NA
100584,Hakodate,Japan,NA
147394,Hakalau,"Hawaii, United States",HI
179893,Hakkari,Turkey,NA
164959,Hakui,Japan,NA
139632,Hakusan,Japan,NA
101491,Fukuoka,Japan,NA
106857,Kobe,Japan,NA
106865,Niigata,Japan,NA
116434,Moulay Idriss,Morocco,NA
146940,Idron,France,NA
146314,Spodnja Idrija,Slovenia,NA
146940,Idron,France,NA
161826,Farosund,Sweden,NA
106296,Abano Terme,Italy,NA
150520,Brndbyvester,Denmark,NA
157806,Rros,Norway,NA
156621,Bagni di Tivoli,Italy,NA
100068,Marrakech,Morocco,NA
147534,Marloth Park,South Africa,NA
101684,Izmir,Turkey,NA
147618,Izmit,Turkey,NA
100044,Moscow,Russia,NA
101684,Izmir,Turkey,NA
138841,Cigli,Turkey,NA
139431,Gaziemir,Turkey,NA
100044,Moscow,Russia,NA
100044,Moscow,Russia,NA
100044,Moscow,Russia,NA
100044,Moscow,Russia,NA
112561,Mandarmoni,"West Bengal, India",West Bengal
100593,Iasi,Romania,NA
101090,Fortaleza,Brazil,NA
105707,Chios,Greece,NA
160250,Giosonas,Greece,NA
105712,Crete,Greece,NA
146961,Gulluk,Turkey,NA
100593,Iasi,Romania,NA
149248,Neos Marmaras,Greece,NA
105990,Sibenik,Croatia,NA
100108,Amsterdam,Netherlands,NA
106586,Napoli,Italy,NA
107859,Koh Samui,Thailand,NA
103507,Castellon de la Plana,Spain,NA
111154,Punta Del Este,Uruguay,NA
114099,Lagos,Portugal,NA
105942,Cavtat,Croatia,NA
103944,Muro,Spain,NA
104064,Playa De Muro,Spain,NA
34600,Kolkata,"West Bengal, India",West Bengal
35906,Port Blair,"Andaman and Nicobar Islands, India",Andaman and Nicobar Islands
132880,Ibague,Colombia,NA
147415,Ibadan,Nigeria,NA
101119,Cairo,Egypt,NA
101119,Cairo,Egypt,NA
101231,Minsk,Belarus,NA
101727,Poznan,Poland,NA
101487,Erfurt,Germany,NA
103031,Passau,Germany,NA
100594,Idaho Falls,"Idaho, United States",ID
154331,Idar-Oberstein,Germany,NA
110409,Idabel,"Oklahoma, United States",OK
146559,Idaho Springs,"Colorado, United States",CO
109076,Ida Grove,"Iowa, United States",IA
152132,Idanha-a-Nova,Portugal,NA
100331,Boise,"Idaho, United States",ID
100331,Boise,"Idaho, United States",ID
100331,Boise,"Idaho, United States",ID
100594,Idaho Falls,"Idaho, United States",ID
100214,Niagara Falls,"New York, United States",NY
101185,Ioannina,Greece,NA
100594,Idaho Falls,"Idaho, United States",ID
101897,Al Ain,United Arab Emirates,NA
141074,Ica,Peru,NA
139586,Iga,Japan,NA
147415,Ibadan,Nigeria,NA
109076,Ida Grove,"Iowa, United States",IA
139653,Ina,Japan,NA
109080,Iowa Falls,"Iowa, United States",IA
100214,Niagara Falls,"New York, United States",NY
100402,Kingman,"Arizona, United States",AZ
117226,Wilmington,"Delaware, United States",DE
139586,Iga,Japan,NA
109076,Ida Grove,"Iowa, United States",IA
100089,Niagara Falls,"Ontario, Canada",ON
100804,Innsbruck,Austria,NA
100403,Wilmington,"North Carolina, United States",NC
118150,Wilmington,"Vermont, United States",VT
109076,Ida Grove,"Iowa, United States",IA
33968,Jaipur,"Rajasthan, India",Rajasthan
33968,Jaipur,"Rajasthan, India",Rajasthan
33968,Jaipur,"Rajasthan, India",Rajasthan
33968,Jaipur,"Rajasthan, India",Rajasthan
33968,Jaipur,"Rajasthan, India",Rajasthan
33968,Jaipur,"Rajasthan, India",Rajasthan
33971,Jaisalmer,"Rajasthan, India",Rajasthan
33968,Jaipur,"Rajasthan, India",Rajasthan
33968,Jaipur,"Rajasthan, India",Rajasthan
33968,Jaipur,"Rajasthan, India",Rajasthan
114052,Johannesburg Airport,South Africa,NA
101194,Jeddah,Saudi Arabia,NA
159253,Jedburgh,United Kingdom,NA
167562,Jedovnice,Czech Republic,NA
113488,Jedaidet al Shebani,Syria,NA
162779,Jedlnia-Letnisko,Poland,NA
167005,Jedrzejow,Poland,NA
146763,Cleethorpes,United Kingdom,NA
101194,Jeddah,Saudi Arabia,NA
101194,Jeddah,Saudi Arabia,NA
101194,Jeddah,Saudi Arabia,NA
33941,Jabalpur,"Madhya Pradesh, India",Madhya Pradesh
116777,Juan-les-Pins,France,NA
101396,Joplin,"Missouri, United States",MO
100993,Jonesboro,"Arkansas, United States",AR
101396,Joplin,"Missouri, United States",MO
100993,Jonesboro,"Arkansas, United States",AR
33013,Chandigarh,"Chandigarh, India",Chandigarh
35906,Port Blair,"Andaman and Nicobar Islands, India",Andaman and Nicobar Islands
36096,Ranchi,"Jharkhand, India",Jharkhand
34881,Madurai,"Tamil Nadu, India",Tamil Nadu
34013,Jammu,"Jammu and Kashmir, India",Jammu and Kashmir
35019,Mangalore,"Karnataka, India",Karnataka
32188,Allahabad,"Uttar Pradesh, India",Uttar Pradesh
34016,Jamshedpur,"Jharkhand, India",Jharkhand
35753,Pathankot,"Punjab, India",Punjab
116825,Conde Ixa-a-Nova,Portugal,NA
169679,Slettestrand,Denmark,NA
157938,Stege,Denmark,NA
34104,Jodhpur,"Rajasthan, India",Rajasthan
109257,Schaumburg,"Illinois, United States",IL
134252,Aubagne,France,NA
138867,Rizhao,China,NA
100075,Hong Kong,China,NA
100221,Orlando,"Florida, United States",FL
109895,High Point,"North Carolina, United States",NC
34104,Jodhpur,"Rajasthan, India",Rajasthan
109257,Schaumburg,"Illinois, United States",IL
134252,Aubagne,France,NA
138867,Rizhao,China,NA
100010,Fort Worth,"Texas, United States",TX
100010,Fort Worth,"Texas, United States",TX
100010,Fort Worth,"Texas, United States",TX
100221,Orlando,"Florida, United States",FL
109895,High Point,"North Carolina, United States",NC
100148,Branson,"Missouri, United States",MO
101680,Grand Junction,"Colorado, United States",CO
100808,Jonkoping,Sweden,NA
109189,Joliet,"Illinois, United States",IL
100998,Johnstown,"Pennsylvania, United States",PA
118031,Jacksonville,"Texas, United States",TX
111022,White River Junction,"Vermont, United States",VT
117196,Trinidad,"Colorado, United States",CO
110822,Junction,"Texas, United States",TX
110048,Monmouth Junction,"New Jersey, United States",NJ
111007,Barre,"Vermont, United States",VT
109599,Battle Creek,"Michigan, United States",MI
108578,Beaver Creek,"Colorado, United States",CO
114419,College Park,"Maryland, United States",MD
111086,Oak Creek,"Wisconsin, United States",WI
113794,Cagayan De Oro,Philippines,NA
108181,Casa Grande,"Arizona, United States",AZ
109340,Colby,"Kansas, United States",KS
108555,Walnut,"California, United States",CA
101522,Cape Girardeau,"Missouri, United States",MO
117467,Cambridge,"Maryland, United States",MD
34600,Kolkata,"West Bengal, India",West Bengal
102685,Zhuhai,China,NA
100157,Columbia,"Missouri, United States",MO
101344,Caracas,Venezuela,NA
100951,Provincetown,"Massachusetts, United States",MA
102630,Guiyang,China,NA
100285,Chihuahua,Mexico,NA
100931,Concepcion,Chile,NA
117355,Columbus,"Indiana, United States",IN
110623,Clemson,"South Carolina, United States",SC
34571,Kochi,"Kerala, India",Kerala
100104,St. Thomas,Virgin Islands,NA
111167,Charlotte Amalie,Virgin Islands,NA
34574,Kodaikanal,"Tamil Nadu, India",Tamil Nadu
115043,Platamona,Italy,NA
167164,Kineta,Greece,NA
107231,Shah Alam,Malaysia,NA
106019,Batam,Indonesia,NA
159647,Sekupang,Indonesia,NA
34707,Kullu,"Himachal Pradesh, India",Himachal Pradesh
161443,Kulai,Malaysia,NA
102959,Kulmbach,Germany,NA
151092,Kuldiga,Latvia,NA
158780,Kula,Turkey,NA
174999,Kulennoinen,Finland,NA
139684,Kulim,Malaysia,NA
131381,Kulpsville,"Pennsylvania, United States",PA
100817,Kulusuk,Greenland,NA
35273,Mussoorie,"Uttaranchal, India",Uttaranchal
158722,Kwidzyn,Poland,NA
160574,Kwilcz,Poland,NA
102460,Prince Rupert,"British Columbia, Canada",BC
100066,Warsaw,Poland,NA
160602,Gryfow Slaski,Poland,NA
33013,Chandigarh,"Chandigarh, India",Chandigarh
35906,Port Blair,"Andaman and Nicobar Islands, India",Andaman and Nicobar Islands
36096,Ranchi,"Jharkhand, India",Jharkhand
34881,Madurai,"Tamil Nadu, India",Tamil Nadu
34013,Jammu,"Jammu and Kashmir, India",Jammu and Kashmir
35019,Mangalore,"Karnataka, India",Karnataka
32188,Allahabad,"Uttar Pradesh, India",Uttar Pradesh
34016,Jamshedpur,"Jharkhand, India",Jharkhand
35753,Pathankot,"Punjab, India",Punjab
116825,Conde Ixa-a-Nova,Portugal,NA
137482,Knutsford,United Kingdom,NA
156159,Knutange,France,NA
100331,Boise,"Idaho, United States",ID
101428,Odense,Denmark,NA
152541,Hermagor,Austria,NA
180143,Krummhorn,Germany,NA
101099,Aarhus,Denmark,NA
168586,Kalvag,Norway,NA
150760,Beitostl,Norway,NA
101401,Kingston,Jamaica,NA
100177,Harrisburg,"Pennsylvania, United States",PA
100529,Bar Harbor,"Maine, United States",ME
100397,Hagerstown,"Maryland, United States",MD
110021,Egg Harbor Township,"New Jersey, United States",NJ
101514,Benton Harbor,"Michigan, United States",MI
101671,Friday Harbor,"Washington, United States",WA
109577,Boothbay Harbor,"Maine, United States",ME
107355,Hamar,Norway,NA
100846,Oak Harbor,"Washington, United States",WA
108831,Palm Harbor,"Florida, United States",FL
34599,Kolhapur,"Maharashtra, India",Maharashtra
102788,Karlovy Vary,Czech Republic,NA
107856,Koh Lanta,Thailand,NA
100811,Kuching,Malaysia,NA
106948,Klaipeda,Lithuania,NA
105756,Kalamata,Greece,NA
138959,Kaluga,Russia,NA
107853,Koh Chang,Thailand,NA
115534,Kaiserslautern,Germany,NA
100608,Kalmar,Sweden,NA
34600,Kolkata,"West Bengal, India",West Bengal
101344,Caracas,Venezuela,NA
100931,Concepcion,Chile,NA
108290,Concord,"California, United States",CA
109057,Charles City,"Iowa, United States",IA
148589,Chernigov,Ukraine,NA
107064,Cuernavaca,Mexico,NA
101344,Caracas,Venezuela,NA
108290,Concord,"California, United States",CA
117671,Concord,"New Hampshire, United States",NH
34849,Lucknow,"Uttar Pradesh, India",Uttar Pradesh
101213,Lvov,Ukraine,NA
100434,Mammoth Lakes,"California, United States",CA
114493,Lake Placid,"New York, United States",NY
108754,Hialeah,"Florida, United States",FL
112215,Lakeview,"Oregon, United States",OR
109703,Detroit Lakes,"Minnesota, United States",MN
109308,La Porte,"Indiana, United States",IN
139693,Lao Cai,Vietnam,NA
140288,Lyons,"Kansas, United States",KS
34842,Lonavala,"Maharashtra, India",Maharashtra
100113,London,United Kingdom,NA
100193,Long Beach,"California, United States",CA
141684,London,"Ontario, Canada",ON
105351,Londonderry,United Kingdom,NA
115968,London Heathrow,United Kingdom,NA
110841,Longview,"Texas, United States",TX
110221,Long Island City,"New York, United States",NY
100820,Londrina,Brazil,NA
108617,Longmont,"Colorado, United States",CO
101409,Ljubljana,Slovenia,NA
101016,Las Cruces,"New Mexico, United States",NM
118077,Logan,"Utah, United States",UT
110392,Altus,"Oklahoma, United States",OK
114368,Zigong,China,NA
132876,Saint-Leu,Reunion,NA
108786,Little Torch Key,"Florida, United States",FL
147808,Longjing,China,NA
101409,Ljubljana,Slovenia,NA
101016,Las Cruces,"New Mexico, United States",NM
33013,Chandigarh,"Chandigarh, India",Chandigarh
35906,Port Blair,"Andaman and Nicobar Islands, India",Andaman and Nicobar Islands
36096,Ranchi,"Jharkhand, India",Jharkhand
34881,Madurai,"Tamil Nadu, India",Tamil Nadu
34013,Jammu,"Jammu and Kashmir, India",Jammu and Kashmir
35019,Mangalore,"Karnataka, India",Karnataka
32188,Allahabad,"Uttar Pradesh, India",Uttar Pradesh
34016,Jamshedpur,"Jharkhand, India",Jharkhand
35753,Pathankot,"Punjab, India",Punjab
100250,South Padre Island,"Texas, United States",TX
150404,Ixia,Greece,NA
101540,Rhodes,Greece,NA
101540,Rhodes,Greece,NA
102311,Manama,Bahrain,NA
150404,Ixia,Greece,NA
101540,Rhodes,Greece,NA
160450,Luhacovice,Czech Republic,NA
174499,Luhansk,Ukraine,NA
159408,Luhden,Germany,NA
160837,Luhme,Germany,NA
112431,Uluwatu,Indonesia,NA
162853,Moruya,"New South Wales, Australia",NSW
171102,Lappea,Finland,NA
154811,Sanya,China,NA
153128,Mjolby,Sweden,NA
153128,Mjolby,Sweden,NA
116116,Ramnicu Valcea,Romania,NA
106510,Lecce,Italy,NA
100422,Lugano,Switzerland,NA
101583,Limoges,France,NA
101580,Lake Charles,"Louisiana, United States",LA
100618,Liege,Belgium,NA
108678,Windsor Locks,"Connecticut, United States",CT
138745,Laconia,"New Hampshire, United States",NH
131198,Longview,"Washington, United States",WA
101406,La Ceiba,Honduras,NA
146859,Louis Trichardt,South Africa,NA
155958,Hohenmolsen,Germany,NA
159903,Damuls,Austria,NA
156287,Fie,Italy,NA
100113,London,United Kingdom,NA
100113,London,United Kingdom,NA
100113,London,United Kingdom,NA
100113,London,United Kingdom,NA
100113,London,United Kingdom,NA
100113,London,United Kingdom,NA
100113,London,United Kingdom,NA
33719,Mumbai,"Maharashtra, India",Maharashtra
33719,Mumbai,"Maharashtra, India",Maharashtra
33719,Mumbai,"Maharashtra, India",Maharashtra
33719,Mumbai,"Maharashtra, India",Maharashtra
33719,Mumbai,"Maharashtra, India",Maharashtra
33719,Mumbai,"Maharashtra, India",Maharashtra
148087,Bombinhas,Brazil,NA
166696,Bom Jardim da Serra,Brazil,NA
150385,Bomal,Belgium,NA
157975,Bombarral,Portugal,NA
160367,Watton,United Kingdom,NA
131525,Biberwier,Austria,NA
141884,Melbourne,"Victoria, Australia",VIC
107217,Melaka,Malaysia,NA
117239,Melbourne,"Florida, United States",FL
144808,Melbourne-St Kilda,"Victoria, Australia",VIC
140362,Melbourne Beach,"Florida, United States",FL
146680,Melksham,United Kingdom,NA
161377,Melnik,Bulgaria,NA
142360,Melton Mowbray,United Kingdom,NA
144540,Melbourne-Carlton,"Victoria, Australia",VIC
103896,Melilla,Spain,NA
33013,Chandigarh,"Chandigarh, India",Chandigarh
35906,Port Blair,"Andaman and Nicobar Islands, India",Andaman and Nicobar Islands
36096,Ranchi,"Jharkhand, India",Jharkhand
34881,Madurai,"Tamil Nadu, India",Tamil Nadu
34013,Jammu,"Jammu and Kashmir, India",Jammu and Kashmir
35019,Mangalore,"Karnataka, India",Karnataka
32188,Allahabad,"Uttar Pradesh, India",Uttar Pradesh
34016,Jamshedpur,"Jharkhand, India",Jharkhand
35753,Pathankot,"Punjab, India",Punjab
108771,Kissimmee,"Florida, United States",FL
101339,Brussels,Belgium,NA
101339,Brussels,Belgium,NA
101339,Brussels,Belgium,NA
148054,Cadaques,Spain,NA
35284,Mysore,"Karnataka, India",Karnataka
100207,Myrtle Beach,"South Carolina, United States",SC
101231,Minsk,Belarus,NA
101234,Miri,Malaysia,NA
108410,Marysville,"California, United States",CA
117534,Jackson,"Minnesota, United States",MN
137630,Maracay,Venezuela,NA
100207,Myrtle Beach,"South Carolina, United States",SC
100282,Jackson,"Wyoming, United States",WY
117972,Jackson,"Tennessee, United States",TN
100030,Milan,Italy,NA
114977,Milano Marittima,Italy,NA
100204,Milwaukee,"Wisconsin, United States",WI
105387,Milton Keynes,United Kingdom,NA
142167,Mildura,"Victoria, Australia",VIC
134475,Milazzo,Italy,NA
108417,Milpitas,"California, United States",CA
133998,Millau,France,NA
152775,Millstatt,Austria,NA
108656,Milford,"Connecticut, United States",CT
100088,Montreal,"Quebec, Canada",QC
141673,Trois-Rivieres,"Quebec, Canada",QC
141667,Peterborough,"Ontario, Canada",ON
141659,Fort McMurray,"Alberta, Canada",AB
141657,Merritt,"British Columbia, Canada",BC
102537,Moose Jaw,"Saskatchewan, Canada",SK
102510,Matane,"Quebec, Canada",QC
141644,Dawson Creek,"British Columbia, Canada",BC
141950,Beaver Creek,"Yukon, Canada",YT
147252,Chetwynd,"British Columbia, Canada",BC
142360,Melton Mowbray,United Kingdom,NA
111213,Cape Town,South Africa,NA
142360,Melton Mowbray,United Kingdom,NA
37302,Pench,"Madhya Pradesh, India",Madhya Pradesh
143267,Thredbo,"New South Wales, Australia",NSW
142343,Jindabyne,"New South Wales, Australia",NSW
151679,Port Douglas,"Queensland, Australia",QLD
100113,London,United Kingdom,NA
105556,Sunderland,United Kingdom,NA
139179,Bridlington,United Kingdom,NA
142288,Yulara,"Northern Territory, Australia",NT
108885,Yulee,"Florida, United States",FL
147261,Yulin,China,NA
142288,Yulara,"Northern Territory, Australia",NT
152186,Saint Petersburg,Russia,NA
152186,Saint Petersburg,Russia,NA
152186,Saint Petersburg,Russia,NA
100268,Bali,Indonesia,NA
151388,Kuta,Indonesia,NA
151391,Ubud,Indonesia,NA
35485,New Delhi,"Delhi, India",Delhi
35485,New Delhi,"Delhi, India",Delhi
35485,New Delhi,"Delhi, India",Delhi
35485,New Delhi,"Delhi, India",Delhi
35485,New Delhi,"Delhi, India",Delhi
35485,New Delhi,"Delhi, India",Delhi
136541,Delawadi,"Madhya Pradesh, India",Madhya Pradesh
149870,Delfoi,Greece,NA
107269,Delft,Netherlands,NA
105717,Delphi,Greece,NA
117226,Wilmington,"Delaware, United States",DE
110039,Jersey City,"New Jersey, United States",NJ
100211,New York,"New York, United States",NY
100211,New York,"New York, United States",NY
100211,New York,"New York, United States",NY
110039,Jersey City,"New Jersey, United States",NJ
150401,Squillace,Italy,NA
100211,New York,"New York, United States",NY
100211,New York,"New York, United States",NY
100310,Helsingborg,Sweden,NA
35320,Nagpur,"Maharashtra, India",Maharashtra
37273,Nagarhole,"Karnataka, India",Karnataka
101239,Nagoya,Japan,NA
100440,Nagasaki,Japan,NA
106863,Nagano,Japan,NA
159332,Nagoya,Indonesia,NA
137719,Nago,Japan,NA
115480,Nagarkot,Nepal,NA
155846,Nagykanizsa,Hungary,NA
149720,Nago,Italy,NA
100227,Pittsburgh,"Pennsylvania, United States",PA
111193,Phan Thiet,Vietnam,NA
100543,Plymouth,United Kingdom,NA
101436,Perpignan,France,NA
101248,Paducah,"Kentucky, United States",KY
108625,Pagosa Springs,"Colorado, United States",CO
100542,Pocatello,"Idaho, United States",ID
101351,Perigueux,France,NA
108843,Punta Gorda,"Florida, United States",FL
109836,Pascagoula,"Mississippi, United States",MS
35363,Nanded,"Maharashtra, India",Maharashtra
100211,New York,"New York, United States",NY
109795,North Kansas City,"Missouri, United States",MO
108388,Lemoore,"California, United States",CA
100439,Necochea,Argentina,NA
146581,Saint-Nic,France,NA
105651,York,United Kingdom,NA
100067,Birmingham,United Kingdom,NA
100184,Kansas City,"Missouri, United States",MO
100735,Burbank,"California, United States",CA
113462,Iskenderun,Turkey,NA
32550,Bangalore,"Karnataka, India",Karnataka
35485,New Delhi,"Delhi, India",Delhi
32136,Ahmedabad,"Gujarat, India",Gujarat
32136,Ahmedabad,"Gujarat, India",Gujarat
36881,Tirupati,"Andhra Pradesh, India",Andhra Pradesh
36518,Siliguri,"West Bengal, India",West Bengal
32188,Allahabad,"Uttar Pradesh, India",Uttar Pradesh
152371,Kranevo,Bulgaria,NA
100990,Istanbul,Turkey,NA
150921,Mandjala,Estonia,NA
155258,Langenfeld,Austria,NA
107755,Borlange,Sweden,NA
140722,Angelholm,Sweden,NA
138670,Puerto Angel,Mexico,NA
113057,Los Angeles,Chile,NA
173094,Enanger,Sweden,NA
171398,Angeles,Costa Rica,NA
150625,Asprangeloi,Greece,NA
161358,Dals Langed,Sweden,NA
177962,Siongiroi,Kenya,NA
100639,Nairobi,Kenya,NA
108084,Foley,"Alabama, United States",AL
148257,Nax,Switzerland,NA
100639,Nairobi,Kenya,NA
100735,Burbank,"California, United States",CA
108084,Foley,"Alabama, United States",AL
35363,Nanded,"Maharashtra, India",Maharashtra
101614,Nanjing,China,NA
101616,Nantes,France,NA
111854,Nanchang,China,NA
114287,Nantong,China,NA
104800,Nancy,France,NA
100441,Nanning,China,NA
142003,Nanaimo,"British Columbia, Canada",BC
100509,Nantucket,"Massachusetts, United States",MA
107876,Nan,Thailand,NA
100221,Orlando,"Florida, United States",FL
104811,Orleans,France,NA
114509,Orlando Int'l,"Florida, United States",FL
117449,Orleans,"Massachusetts, United States",MA
150900,Orly,France,NA
173092,Orlandia,Brazil,NA
109236,Orland Park,"Illinois, United States",IL
159093,Orlovka,Russia,NA
171131,Orland,"Maine, United States",ME
161468,Orleix,France,NA
100897,Oslo,Norway,NA
140300,Oslob,Philippines,NA
100897,Oslo,Norway,NA
100897,Oslo,Norway,NA
100897,Oslo,Norway,NA
141905,Hamilton,"Ontario, Canada",ON
166343,Dundas,"Ontario, Canada",ON
100897,Oslo,Norway,NA
100897,Oslo,Norway,NA
100897,Oslo,Norway,NA
100262,Osaka,Japan,NA
109797,Osage Beach,"Missouri, United States",MO
162557,Osan,Korea,NA
102376,Osasco,Brazil,NA
139154,Osaki,Japan,NA
146329,Osage,"Iowa, United States",IA
176803,Osawatomie,"Kansas, United States",KS
100262,Osaka,Japan,NA
100262,Osaka,Japan,NA
100262,Osaka,Japan,NA
101241,Odessa,Ukraine,NA
115373,Cordoba,Spain,NA
105421,Northampton,United Kingdom,NA
116265,Oamaru,New Zealand,NA
101428,Odense,Denmark,NA
110120,Socorro,"New Mexico, United States",NM
114534,Olympia,"Washington, United States",WA
100447,Ottumwa,"Iowa, United States",IA
110417,Okmulgee,"Oklahoma, United States",OK
133702,Odos,France,NA
100216,Oakland,"California, United States",CA
141313,Oakville,"Ontario, Canada",ON
105433,Oakham,United Kingdom,NA
111086,Oak Creek,"Wisconsin, United States",WI
164025,Oakhurst,"California, United States",CA
110726,Oak Ridge,"Tennessee, United States",TN
109232,Oakbrook Terrace,"Illinois, United States",IL
146304,Oak Bluffs,"Massachusetts, United States",MA
109399,Oak Grove,"Kentucky, United States",KY
109229,Oak Brook,"Illinois, United States",IL
100990,Istanbul,Turkey,NA
100336,Bodrum,Turkey,NA
101841,Trabzon,Turkey,NA
116265,Oamaru,New Zealand,NA
116265,Oamaru,New Zealand,NA
116265,Oamaru,New Zealand,NA
116265,Oamaru,New Zealand,NA
116265,Oamaru,New Zealand,NA
116265,Oamaru,New Zealand,NA
152431,Oaxaca de Juarez,Mexico,NA
101796,Oaxaca,Mexico,NA
166851,Oaxtepec,Mexico,NA
101796,Oaxaca,Mexico,NA
101796,Oaxaca,Mexico,NA
101796,Oaxaca,Mexico,NA
152431,Oaxaca de Juarez,Mexico,NA
101796,Oaxaca,Mexico,NA
100595,Kiev,Ukraine,NA
147965,Miyoshi,Japan,NA
102787,Hradec Kralove,Czech Republic,NA
140260,Sherborne,United Kingdom,NA
105434,Oban,United Kingdom,NA
101796,Oaxaca,Mexico,NA
108819,Okeechobee,"Florida, United States",FL
109829,Kosciusko,"Mississippi, United States",MS
100100,San Juan,Puerto Rico,NA
105434,Oban,United Kingdom,NA
100216,Oakland,"California, United States",CA
107479,Carolina,Puerto Rico,NA
108819,Okeechobee,"Florida, United States",FL
100560,Santander,Spain,NA
35890,Pondicherry,"Pondicherry, India",Pondicherry
100544,Palanga,Lithuania,NA
100224,Pensacola,"Florida, United States",FL
101725,Pamplona,Spain,NA
101143,Punta Arenas,Chile,NA
100550,Pontianak,Indonesia,NA
131117,Panguitch,"Utah, United States",UT
100965,Southern Pines,"North Carolina, United States",NC
100353,Ponca City,"Oklahoma, United States",OK
131237,Pembroke Pines,"Florida, United States",FL
35762,Patna,"Bihar, India",Bihar
35760,Patiala,"Punjab, India",Punjab
37236,Patnitop,"Jammu and Kashmir, India",Jammu and Kashmir
35753,Pathankot,"Punjab, India",Punjab
35752,Pathanamthitta,"Kerala, India",Kerala
181863,Patal Bhuvaneshwar,"Uttaranchal, India",Uttaranchal
151240,Patong Beach,Thailand,NA
107882,Pattaya,Thailand,NA
157097,Patitirion,Greece,NA
107143,Patzcuaro,Mexico,NA
119483,Santa Elena,Guatemala,NA
100317,Athens,Greece,NA
35903,Porbandar,"Gujarat, India",Gujarat
100850,Puebla,Mexico,NA
111250,Plettenberg Bay,South Africa,NA
100259,West Palm Beach,"Florida, United States",FL
101247,Paderborn,Germany,NA
101724,Palmdale,"California, United States",CA
101032,Paramaribo,Suriname,NA
108160,Pine Bluff,"Arkansas, United States",AR
100230,Providence,"Rhode Island, United States",RI
108843,Punta Gorda,"Florida, United States",FL
33013,Chandigarh,"Chandigarh, India",Chandigarh
35906,Port Blair,"Andaman and Nicobar Islands, India",Andaman and Nicobar Islands
36096,Ranchi,"Jharkhand, India",Jharkhand
34881,Madurai,"Tamil Nadu, India",Tamil Nadu
34013,Jammu,"Jammu and Kashmir, India",Jammu and Kashmir
35019,Mangalore,"Karnataka, India",Karnataka
32188,Allahabad,"Uttar Pradesh, India",Uttar Pradesh
34016,Jamshedpur,"Jharkhand, India",Jharkhand
35753,Pathankot,"Punjab, India",Punjab
116825,Conde Ixa-a-Nova,Portugal,NA
35736,Parwanoo,"Himachal Pradesh, India",Himachal Pradesh
35707,Paradip,"Orissa, India",Orissa
100115,Paris,France,NA
102378,Paraty,Brazil,NA
105844,Parikia,Greece,NA
100223,Park City,"Utah, United States",UT
105843,Parga,Greece,NA
103164,Parnu,Estonia,NA
100849,Paros,Greece,NA
149492,Paralia Katerinis,Greece,NA
100115,Paris,France,NA
136675,Roissy en France,France,NA
133881,Le Blanc-Mesnil,France,NA
104972,Villepinte,France,NA
104673,Goussainville,France,NA
140344,Tremblay-en-France,France,NA
134304,Gonesse,France,NA
134168,Le Mesnil Amelot,France,NA
147931,Longperrier,France,NA
104515,Aulnay Sous Bois,France,NA
167118,Oryol,Russia,NA
151494,Gorna Oryakhovitsa,Bulgaria,NA
104867,Rungis,France,NA
104609,Chilly Mazarin,France,NA
141934,Paray-Vieille-Poste,France,NA
101509,Abu Dhabi,United Arab Emirates,NA
100639,Nairobi,Kenya,NA
100639,Nairobi,Kenya,NA
101297,Doha,Qatar,NA
101297,Doha,Qatar,NA
105329,Leeds,United Kingdom,NA
100197,Lubbock,"Texas, United States",TX
100422,Lugano,Switzerland,NA
101583,Limoges,France,NA
100618,Liege,Belgium,NA
109908,Lumberton,"North Carolina, United States",NC
101404,North Platte,"Nebraska, United States",NE
101405,Liberal,"Kansas, United States",KS
131198,Longview,"Washington, United States",WA
109853,Red Lodge,"Montana, United States",MT
101396,Joplin,"Missouri, United States",MO
117505,Jackson,"Michigan, United States",MI
139384,Chiang Saen,Thailand,NA
109421,Jennings,"Louisiana, United States",LA
141102,Jinjiang,China,NA
141091,Jan,"Mississippi, United States",MS
143164,Jennings,Antigua and Barbuda,NA
146672,Jinja,Uganda,NA
141708,Jons,France,NA
100282,Jackson,"Wyoming, United States",WY
102563,Interlaken,Switzerland,NA
103079,Trier,Germany,NA
102855,Celle,Germany,NA
103072,Speyer,Germany,NA
103098,Wolfsburg,Germany,NA
142530,Solingen,Germany,NA
115568,Remscheid,Germany,NA
103074,Stade,Germany,NA
103080,Troisdorf,Germany,NA
112701,Wetzlar,Germany,NA
36623,Srinagar,"Jammu and Kashmir, India",Jammu and Kashmir
102361,Jericoacoara,Brazil,NA
102361,Jericoacoara,Brazil,NA
104199,Salamanca,Spain,NA
34015,Jamnagar,"Gujarat, India",Gujarat
33955,Jagdalpur,"Chhattisgarh, India",Chhattisgarh
108535,Thousand Oaks,"California, United States",CA
107787,Sodertalje,Sweden,NA
108535,Thousand Oaks,"California, United States",CA
100076,Singapore,Singapore,NA
100076,Singapore,Singapore,NA
100076,Singapore,Singapore,NA
170090,Jiquirica,Brazil,NA
170090,Jiquirica,Brazil,NA
34881,Madurai,"Tamil Nadu, India",Tamil Nadu
108771,Kissimmee,"Florida, United States",FL
101684,Izmir,Turkey,NA
100403,Wilmington,"North Carolina, United States",NC
101392,Iquique,Chile,NA
100402,Kingman,"Arizona, United States",AZ
100805,Iquitos,Peru,NA
101294,Dallas,"Texas, United States",TX
102646,Macau,China,NA
100403,Wilmington,"North Carolina, United States",NC
106769,Taormina,Italy,NA
106483,Giardini Naxos,Italy,NA
110121,Taos,"New Mexico, United States",NM
108053,Taoyuan,Taiwan,NA
114936,Taormina-Letojanni,Italy,NA
147398,Taos Ski Valley,"New Mexico, United States",NM
180792,Tao,Spain,NA
144979,Taormina-Sant'Alessi,Italy,NA
100077,Beijing,China,NA
101366,Ho Chi Minh City,Vietnam,NA
100804,Innsbruck,Austria,NA
101392,Iquique,Chile,NA
101897,Al Ain,United Arab Emirates,NA
100805,Iquitos,Peru,NA
101188,Williston,"North Dakota, United States",ND
117844,Wilmington,"Ohio, United States",OH
101119,Cairo,Egypt,NA
101119,Cairo,Egypt,NA
100804,Innsbruck,Austria,NA
100403,Wilmington,"North Carolina, United States",NC
152186,Saint Petersburg,Russia,NA
33013,Chandigarh,"Chandigarh, India",Chandigarh
33923,Indore,"Madhya Pradesh, India",Madhya Pradesh
35906,Port Blair,"Andaman and Nicobar Islands, India",Andaman and Nicobar Islands
36096,Ranchi,"Jharkhand, India",Jharkhand
34881,Madurai,"Tamil Nadu, India",Tamil Nadu
34013,Jammu,"Jammu and Kashmir, India",Jammu and Kashmir
35019,Mangalore,"Karnataka, India",Karnataka
32188,Allahabad,"Uttar Pradesh, India",Uttar Pradesh
34016,Jamshedpur,"Jharkhand, India",Jharkhand
35753,Pathankot,"Punjab, India",Punjab
133499,Ruhpolding,Germany,NA
133527,Mulheim an der Ruhr,Germany,NA
150674,Ruhla,Germany,NA
133365,Ruhstorf,Germany,NA
100343,Charlottesville,"Virginia, United States",VA
133499,Ruhpolding,Germany,NA
102877,Essen,Germany,NA
36007,Raipur,"Chhattisgarh, India",Chhattisgarh
100173,Grand Rapids,"Michigan, United States",MI
101346,Cedar Rapids,"Iowa, United States",IA
109927,Roanoke Rapids,"North Carolina, United States",NC
109701,Coon Rapids,"Minnesota, United States",MN
111123,Wisconsin Rapids,"Wisconsin, United States",WI
109601,Big Rapids,"Michigan, United States",MI
110420,Poteau,"Oklahoma, United States",OK
131358,Park Rapids,"Minnesota, United States",MN
117373,Rochester,"Indiana, United States",IN
152871,Hajduszoboszlo,Hungary,NA
152871,Hajduszoboszlo,Hungary,NA
36034,Rajkot,"Gujarat, India",Gujarat
36014,Rajahmundry,"Andhra Pradesh, India",Andhra Pradesh
36043,Rajsamand,"Rajasthan, India",Rajasthan
36044,Rajula,"Gujarat, India",Gujarat
150851,Rajecke Teplice,Slovakia,NA
173958,Rajamaki,Finland,NA
33968,Jaipur,"Rajasthan, India",Rajasthan
35943,Pune,"Maharashtra, India",Maharashtra
35890,Pondicherry,"Pondicherry, India",Pondicherry
33239,Darjeeling,"West Bengal, India",West Bengal
36158,Rewari,"Haryana, India",Haryana
153055,Rewal,Poland,NA
32182,Alibaug,"Maharashtra, India",Maharashtra
36158,Rewari,"Haryana, India",Haryana
100684,Vaasa,Finland,NA
149203,Rekowo,Poland,NA
32550,Bangalore,"Karnataka, India",Karnataka
107781,Oskarshamn,Sweden,NA
156751,Leszno,Poland,NA
149765,Pila,Poland,NA
156564,Jugowice,Poland,NA
137463,Masai Mara,Kenya,NA
168903,Mara Simba,Kenya,NA
139515,Kajang,Malaysia,NA
169554,Cerveny Klastor,Slovakia,NA
100130,Rio de Janeiro,Brazil,NA
148096,Riomaggiore,Italy,NA
161630,Rio das Ostras,Brazil,NA
106676,Rio Marina,Italy,NA
163013,Rio Quente,Brazil,NA
104845,Riom,France,NA
110116,Rio Rancho,"New Mexico, United States",NM
166387,Rio di Pusteria,Italy,NA
113851,Rio Grande,Puerto Rico,NA
142742,Rio,Greece,NA
100117,Rome,Italy,NA
109666,Romulus,"Michigan, United States",MI
117282,Rome,"Georgia, United States",GA
116017,Romsey,United Kingdom,NA
109252,Romeoville,"Illinois, United States",IL
139236,Romford,United Kingdom,NA
117765,Rome,"New York, United States",NY
153794,Romorantin,France,NA
100557,Roma,Australia,NA
171556,Romakloster,Sweden,NA
106294,Keflavik,Iceland,NA
105776,Kefalonia,Greece,NA
148609,Kefalonia-Lourdata,Greece,NA
148570,Kefalonia-Lixouri,Greece,NA
148564,Kefalonia-Trapezaki,Greece,NA
157164,Kefalarion,Greece,NA
152633,Kefar Giladi,Israel,NA
163608,Kefar Qish,Israel,NA
178037,Kefar Tavor,Israel,NA
131740,Kifisia,Greece,NA
36623,Srinagar,"Jammu and Kashmir, India",Jammu and Kashmir
36252,Salem,"Tamil Nadu, India",Tamil Nadu
100075,Hong Kong,China,NA
100301,Frankfurt,Germany,NA
113753,Tignes,France,NA
100966,Stuttgart,Germany,NA
100573,Strasbourg,France,NA
100156,Colorado Springs,"Colorado, United States",CO
100222,Palm Springs,"California, United States",CA
100253,Steamboat Springs,"Colorado, United States",CO
153334,Nstved,Denmark,NA
100586,Malmo,Sweden,NA
153334,Nstved,Denmark,NA
36459,Shillong,"Meghalaya, India",Meghalaya
100077,Beijing,China,NA
100082,Shanghai,China,NA
100078,Guangzhou,China,NA
106859,Kyoto,Japan,NA
101720,Chengdu,China,NA
100262,Osaka,Japan,NA
102677,Xian,China,NA
101624,Xiamen,China,NA
102651,Qingdao,China,NA
108517,South San Francisco,"California, United States",CA
108476,Redwood City,"California, United States",CA
117167,San Mateo,"California, United States",CA
113007,Novara,Italy,NA
108488,San Bruno,"California, United States",CA
108256,Burlingame,"California, United States",CA
108416,Millbrae,"California, United States",CA
106494,Imola,Italy,NA
32550,Bangalore,"Karnataka, India",Karnataka
100241,San Francisco,"California, United States",CA
141882,Sydney,"New South Wales, Australia",NSW
152817,Sydney,"Nova Scotia, Canada",NS
116652,Sydney Airport,"New South Wales, Australia",NSW
167606,Sydkoster,Sweden,NA
179246,Sydney Forks,"Nova Scotia, Canada",NS
141882,Sydney,"New South Wales, Australia",NSW
141882,Sydney,"New South Wales, Australia",NSW
141882,Sydney,"New South Wales, Australia",NSW
141882,Sydney,"New South Wales, Australia",NSW
141882,Sydney,"New South Wales, Australia",NSW
36623,Srinagar,"Jammu and Kashmir, India",Jammu and Kashmir
36675,Surat,"Gujarat, India",Gujarat
36252,Salem,"Tamil Nadu, India",Tamil Nadu
100246,Savannah,"Georgia, United States",GA
100573,Strasbourg,France,NA
100006,Shreveport,"Louisiana, United States",LA
107725,Suceava,Romania,NA
100574,Sligo,Ireland,NA
117768,Sidney,"New York, United States",NY
109329,Sullivan,"Indiana, United States",IN
166321,Shlisselburg,Russia,NA
166321,Shlisselburg,Russia,NA
169711,Shelomi,Israel,NA
36881,Tirupati,"Andhra Pradesh, India",Andhra Pradesh
100048,Taipei,Taiwan,NA
33013,Chandigarh,"Chandigarh, India",Chandigarh
35906,Port Blair,"Andaman and Nicobar Islands, India",Andaman and Nicobar Islands
36096,Ranchi,"Jharkhand, India",Jharkhand
34881,Madurai,"Tamil Nadu, India",Tamil Nadu
34013,Jammu,"Jammu and Kashmir, India",Jammu and Kashmir
35019,Mangalore,"Karnataka, India",Karnataka
32188,Allahabad,"Uttar Pradesh, India",Uttar Pradesh
34016,Jamshedpur,"Jharkhand, India",Jharkhand
35753,Pathankot,"Punjab, India",Punjab
108763,Islamorada,"Florida, United States",FL
100032,Seville,Spain,NA
100241,San Francisco,"California, United States",CA
100101,Santo Domingo,Dominican Republic,NA
100245,Sarasota,"Florida, United States",FL
108703,Bradenton,"Florida, United States",FL
139280,Sanliurfa,Turkey,NA
117456,Springfield,"Massachusetts, United States",MA
100369,Skelleftea,Sweden,NA
115767,Santa Fe,Argentina,NA
108852,Sanford,"Florida, United States",FL
148679,Osijek,Croatia,NA
174826,Tezze sul Brenta,Italy,NA
111307,Camposampiero,Italy,NA
150533,Cotillo,Spain,NA
107966,Dalyan,Turkey,NA
177683,Surzur,France,NA
102301,Sozopol,Bulgaria,NA
148252,Akcakoca,Turkey,NA
36881,Tirupati,"Andhra Pradesh, India",Andhra Pradesh
36873,Trichy,"Tamil Nadu, India",Tamil Nadu
36883,Tirupur,"Tamil Nadu, India",Tamil Nadu
36887,Tiruvannamalai,"Tamil Nadu, India",Tamil Nadu
145682,Tirunelveli,"Tamil Nadu, India",Tamil Nadu
36820,Thiruvalla,"Kerala, India",Kerala
100978,Tirana,Albania,NA
161893,Tiradentes,Brazil,NA
150812,Tirolo,Italy,NA
106779,Tirrenia,Italy,NA
180126,Trzebiatow,Poland,NA
158723,Trzebieszowice,Poland,NA
167173,Trzebownisko,Poland,NA
162802,Trzemeszno,Poland,NA
150149,Trzesacz,Poland,NA
164555,Pulawy,Poland,NA
150992,Glogow Malopolski,Poland,NA
149402,Klodawa,Poland,NA
36881,Tirupati,"Andhra Pradesh, India",Andhra Pradesh
135710,Tuticorin,"Tamil Nadu, India",Tamil Nadu
100480,Timisoara,Romania,NA
101468,Tours,France,NA
100877,Tyler,"Texas, United States",TX
101164,Tuscaloosa,"Alabama, United States",AL
101071,Surat Thani,Thailand,NA
100875,Antananarivo,Madagascar,NA
115144,Taranto,Italy,NA
108873,Temple Terrace,"Florida, United States",FL
135710,Tuticorin,"Tamil Nadu, India",Tamil Nadu
36355,Satna,"Madhya Pradesh, India",Madhya Pradesh
102636,Jinan,China,NA
113842,Tainan,Taiwan,NA
101164,Tuscaloosa,"Alabama, United States",AL
117974,Johnson City,"Tennessee, United States",TN
110715,Kingsport,"Tennessee, United States",TN
110123,Tucumcari,"New Mexico, United States",NM
107728,Tulcea,Romania,NA
108992,Thomasville,"Georgia, United States",GA
102651,Qingdao,China,NA
100187,Knoxville,"Tennessee, United States",TN
101644,Taupo,New Zealand,NA
132390,Ko Tao,Thailand,NA
100877,Tyler,"Texas, United States",TX
110121,Taos,"New Mexico, United States",NM
111174,Can Tho,Vietnam,NA
102654,Qinhuangdao,China,NA
141524,Koh Tao Island,Thailand,NA
142954,Jiaozuo,China,NA
101519,Casablanca,Morocco,NA
100256,Tucson,"Arizona, United States",AZ
100478,Toulouse,France,NA
100187,Knoxville,"Tennessee, United States",TN
100975,Tbilisi,Georgia,NA
101837,Trapani,Italy,NA
101643,Trieste,Italy,NA
107903,Sukhothai,Thailand,NA
100973,Tashkent,Uzbekistan,NA
101282,Tromso,Norway,NA
110122,Truth Or Consequences,"New Mexico, United States",NM
102670,Tianjin,China,NA
101839,Tunis,Tunisia,NA
104943,Toulon,France,NA
114360,Zhenjiang,China,NA
114206,Dandong,China,NA
143382,Tin Can Bay,"Queensland, Australia",QLD
114211,Dunhuang,China,NA
114282,Mudanjiang,China,NA
141525,Fort Leonard Wood,"Missouri, United States",MO
114226,Golmud,China,NA
36928,Udaipur,"Rajasthan, India",Rajasthan
106796,Udine,Italy,NA
139170,Uzhhorod,Ukraine,NA
148104,Uden,Netherlands,NA
131241,Upper Marlboro,"Maryland, United States",MD
100232,Reno,"Nevada, United States",NV
134737,Tavagnacco,Italy,NA
138204,Pradamano,Italy,NA
101649,Ushuaia,Argentina,NA
101290,Udon Thani,Thailand,NA
100237,Salt Lake City,"Utah, United States",UT
100237,Salt Lake City,"Utah, United States",UT
100237,Salt Lake City,"Utah, United States",UT
100100,San Juan,Puerto Rico,NA
107479,Carolina,Puerto Rico,NA
118077,Logan,"Utah, United States",UT
100145,Birmingham,"Alabama, United States",AL
100709,Guadalajara,Mexico,NA
103100,Wuppertal,Germany,NA
100681,Quimper,France,NA
107911,Ubon Ratchathani,Thailand,NA
100100,San Juan,Puerto Rico,NA
107479,Carolina,Puerto Rico,NA
103100,Wuppertal,Germany,NA
100681,Quimper,France,NA
100145,Birmingham,"Alabama, United States",AL
100709,Guadalajara,Mexico,NA
100145,Birmingham,"Alabama, United States",AL
148164,Ubatuba,Brazil,NA
104725,Le Lauzet Ubaye,France,NA
174941,Ubajara,Brazil,NA
148164,Ubatuba,Brazil,NA
114917,Gubbio,Italy,NA
131826,Marsa Matruh,Egypt,NA
148164,Ubatuba,Brazil,NA
100954,Rabat,Morocco,NA
106796,Udine,Italy,NA
166022,Moggio Udinese,Italy,NA
159337,Trivignano Udinese,Italy,NA
167944,Udias,Spain,NA
106796,Udine,Italy,NA
106796,Udine,Italy,NA
134737,Tavagnacco,Italy,NA
138204,Pradamano,Italy,NA
103100,Wuppertal,Germany,NA
100681,Quimper,France,NA
107911,Ubon Ratchathani,Thailand,NA
117596,Columbus,"Mississippi, United States",MS
100678,Ube,Japan,NA
103100,Wuppertal,Germany,NA
100681,Quimper,France,NA
117355,Columbus,"Indiana, United States",IN
117596,Columbus,"Mississippi, United States",MS
118010,Columbus,"Texas, United States",TX
107912,Uthai Thani,Thailand,NA
138533,Ban Rai,Thailand,NA
100129,Buenos Aires,Argentina,NA
159657,Ufa,Russia,NA
159657,Ufa,Russia,NA
159657,Ufa,Russia,NA
159657,Ufa,Russia,NA
159657,Ufa,Russia,NA
159657,Ufa,Russia,NA
101138,Pisa,Italy,NA
165752,Khanty-Mansiysk,Russia,NA
115761,Yaroslavl,Russia,NA
160679,Surgut,Russia,NA
100042,Florence,Italy,NA
101241,Odessa,Ukraine,NA
113229,Makassar,Indonesia,NA
131241,Upper Marlboro,"Maryland, United States",MD
101844,Uruapan,Mexico,NA
100793,Galway,Ireland,NA
100511,Athens,"Georgia, United States",GA
100709,Guadalajara,Mexico,NA
37035,Vadodara,"Gujarat, India",Gujarat
100723,Bandung,Indonesia,NA
101517,Bologna,Italy,NA
101515,Biarritz,France,NA
100333,Brno,Czech Republic,NA
100722,Barranquilla,Colombia,NA
108678,Windsor Locks,"Connecticut, United States",CT
105084,Bury St Edmunds,United Kingdom,NA
106356,Brindisi,Italy,NA
100526,Bradford,"Pennsylvania, United States",PA
37154,Visakhapatnam,"Andhra Pradesh, India",Andhra Pradesh
100645,Vientiane,Laos,NA
117375,Valparaiso,"Indiana, United States",IN
142788,Vittel,France,NA
101072,Valdez,"Alaska, United States",AK
113068,Valparaiso,Chile,NA
117375,Valparaiso,"Indiana, United States",IN
100081,Seoul,Korea,NA
101678,Gdansk,Poland,NA
153974,Yvre-l'Eveque,France,NA
100091,Vancouver,"British Columbia, Canada",BC
141401,Richmond,"British Columbia, Canada",BC
37133,Vijayawada,"Andhra Pradesh, India",Andhra Pradesh
100190,Las Vegas,"Nevada, United States",NV
101291,Vigo,Spain,NA
101475,Villahermosa,Mexico,NA
100684,Vaasa,Finland,NA
117721,Las Vegas,"New Mexico, United States",NM
110136,North Las Vegas,"Nevada, United States",NV
148177,Vias,France,NA
146370,Font-Romeu-Odeillo-Via,France,NA
132605,Vega de San Mateo,Spain,NA
100684,Vaasa,Finland,NA
111262,Vaalwater,South Africa,NA
107319,Vaals,Netherlands,NA
159293,Saint-Vaast-la-Hougue,France,NA
164003,Vaajakoski,Finland,NA
151462,Vaas,France,NA
102799,Aachen,Germany,NA
100684,Vaasa,Finland,NA
107319,Vaals,Netherlands,NA
34571,Kochi,"Kerala, India",Kerala
108772,Lake Buena Vista,"Florida, United States",FL
109845,Vicksburg,"Mississippi, United States",MS
108280,Chula Vista,"California, United States",CA
108208,Sierra Vista,"Arizona, United States",AZ
101292,Visalia,"California, United States",CA
109240,Peru,"Illinois, United States",IL
108531,Tahoe Vista,"California, United States",CA
109963,La Vista,"Nebraska, United States",NE
109000,Vidalia,"Georgia, United States",GA
139287,Viedma,Argentina,NA
106446,Faenza,Italy,NA
162925,Faedis,Italy,NA
106445,Faedo,Italy,NA
106446,Faenza,Italy,NA
172483,Cabeza de Diego Gomez,Spain,NA
105712,Crete,Greece,NA
105712,Crete,Greece,NA
100129,Buenos Aires,Argentina,NA
106445,Faedo,Italy,NA
169676,Matelandia,Brazil,NA
115778,Eger,Hungary,NA
151418,Egerszalok,Hungary,NA
133315,Egestorf,Germany,NA
102556,Egerkingen,Switzerland,NA
154524,Egelsbach,Germany,NA
115778,Eger,Hungary,NA
115778,Eger,Hungary,NA
115778,Eger,Hungary,NA
115778,Eger,Hungary,NA
101428,Odense,Denmark,NA
159240,Yvoire,France,NA
163071,Yvonand,Switzerland,NA
168589,Yvoy-le-Marron,France,NA
100115,Paris,France,NA
106777,Terracina,Italy,NA
133272,Rust,Germany,NA
141885,Washington,"District of Columbia, United States",DC
117912,Washington,"Pennsylvania, United States",PA
138805,Wasaga Beach,"Ontario, Canada",ON
148803,Wassenaar,Netherlands,NA
116050,Washington,United Kingdom,NA
117345,Washington,"Illinois, United States",IL
117650,Washington,"North Carolina, United States",NC
108062,Wasilla,"Alaska, United States",AK
142480,Washington Court House,"Ohio, United States",OH
144668,Washington-Dulles,United States,NA
100241,San Francisco,"California, United States",CA
143219,Byron Bay,"New South Wales, Australia",NSW
100829,Montego Bay,Jamaica,NA
106838,Ocho Rios,Jamaica,NA
111250,Plettenberg Bay,South Africa,NA
100713,Green Bay,"Wisconsin, United States",WI
108425,Morro Bay,"California, United States",CA
101703,Bloomington,"Indiana, United States",IN
142537,Batemans Bay,"New South Wales, Australia",NSW
143083,Nelson Bay,"New South Wales, Australia",NSW
141899,Winnipeg,"Manitoba, Canada",MB
141895,Kingston,"Ontario, Canada",ON
138357,Sai Yok,Thailand,NA
142442,Williams Lake,"British Columbia, Canada",BC
141668,Kenora,"Ontario, Canada",ON
111549,Petawawa,"Ontario, Canada",ON
141899,Winnipeg,"Manitoba, Canada",MB
141895,Kingston,"Ontario, Canada",ON
101401,Kingston,Jamaica,NA
138357,Sai Yok,Thailand,NA
178794,Actinolite,"Ontario, Canada",ON
147623,Acton,"Australian Capital Territory, Australia",ACT
167417,Acton,"Massachusetts, United States",MA
173205,Acton,"Alabama, United States",AL
137852,Actopan,Mexico,NA
102284,Nessebar,Bulgaria,NA
137852,Actopan,Mexico,NA
103503,Castelldefells,Spain,NA
100109,Barcelona,Spain,NA
100109,Barcelona,Spain,NA
101718,Chiang Mai,Thailand,NA
108714,Clearwater,"Florida, United States",FL
100348,Moab,"Utah, United States",UT
118281,Charleston,"West Virginia, United States",WV
142237,Cowes,"Victoria, Australia",VIC
108724,Crestview,"Florida, United States",FL
101127,Carlsbad,"New Mexico, United States",NM
145432,Cowes,United Kingdom,NA
108583,Canon City,"Colorado, United States",CO
109339,Chanute,"Kansas, United States",KS
148106,Veere,Netherlands,NA
103029,Ostseebad Binz,Germany,NA
107283,Haarlem,Netherlands,NA
150322,Groot-Bijgaarden,Belgium,NA
148845,Domburg,Netherlands,NA
179115,Ganshoren,Belgium,NA
113059,Osorno,Chile,NA
118134,Winchester,"Virginia, United States",VA
118067,Weatherford,"Texas, United States",TX
113069,Castro,Chile,NA
108062,Wasilla,"Alaska, United States",AK
102306,Sveti Vlas,Bulgaria,NA
118134,Winchester,"Virginia, United States",VA
105637,Winchester,United Kingdom,NA
118067,Weatherford,"Texas, United States",TX
107842,Chumphon,Thailand,NA
108062,Wasilla,"Alaska, United States",AK
149807,El Tarter,Andorra,NA
118134,Winchester,"Virginia, United States",VA
118134,Winchester,"Virginia, United States",VA
105637,Winchester,United Kingdom,NA
101616,Nantes,France,NA
144652,Iguazu Ntl Park,Argentina,NA
144653,Iguazu Ntl Park,Brazil,NA
105362,Macclesfield,United Kingdom,NA
134106,Laon,France,NA
139448,Montelimar,France,NA
133734,Alencon,France,NA
104774,Maubeuge,France,NA
140922,Douai,France,NA
146572,Xinxiang,China,NA
100456,Brampton,"CB, Canada",CB
137700,Madison,"South Dakota, United States",SD
102651,Qingdao,China,NA
102632,Hefei,China,NA
111854,Nanchang,China,NA
100077,Beijing,China,NA
147738,Weinan,China,NA
142422,Perce,"Quebec, Canada",QC
141017,Stratford,"Ontario, Canada",ON
140458,Brampton,"Ontario, Canada",ON
134106,Laon,France,NA
133734,Alencon,France,NA
104659,Fontainebleau,France,NA
141698,Strangnas,Sweden,NA
141650,Brantford,"Ontario, Canada",ON
140922,Douai,France,NA
146572,Xinxiang,China,NA
146931,Xichang,China,NA
161765,Tlaxcala de Xicohtencatl,Mexico,NA
166883,Xico,Mexico,NA
100077,Beijing,China,NA
146931,Xichang,China,NA
146931,Xichang,China,NA
146931,Xichang,China,NA
146931,Xichang,China,NA
146931,Xichang,China,NA
146931,Xichang,China,NA
168298,Xilitla,Mexico,NA
150465,Xilxes,Spain,NA
100395,Hohhot,China,NA
100396,Hangzhou,China,NA
168298,Xilitla,Mexico,NA
100078,Guangzhou,China,NA
101740,Shenyang,China,NA
100740,Zhengzhou,China,NA
100119,Acapulco,Mexico,NA
104486,Aix En  Provence,France,NA
101499,Accra,Ghana,NA
100057,Waco,"Texas, United States",TX
102799,Aachen,Germany,NA
104489,Aix Les Bains,France,NA
101501,Alexandria,"Louisiana, United States",LA
116030,St Andrews,United Kingdom,NA
134405,Aci Castello,Italy,NA
108064,Alexander City,"Alabama, United States",AL
134106,Laon,France,NA
142430,Northallerton,United Kingdom,NA
105432,Nuneaton,United Kingdom,NA
133734,Alencon,France,NA
140922,Douai,France,NA
146572,Xinxiang,China,NA
100456,Brampton,"CB, Canada",CB
140531,Quang Ngai,Vietnam,NA
102651,Qingdao,China,NA
100897,Oslo,Norway,NA
114345,Xuzhou,China,NA
114345,Xuzhou,China,NA
114345,Xuzhou,China,NA
114345,Xuzhou,China,NA
114345,Xuzhou,China,NA
114345,Xuzhou,China,NA
114345,Xuzhou,China,NA
114345,Xuzhou,China,NA
114345,Xuzhou,China,NA
114345,Xuzhou,China,NA
105448,Peterborough,United Kingdom,NA
105542,Stoke On Trent,United Kingdom,NA
103121,Silkeborg,Denmark,NA
141698,Strangnas,Sweden,NA
107362,Kongsberg,Norway,NA
147278,Ladysmith,"British Columbia, Canada",BC
142080,Port Hope,"Ontario, Canada",ON
105448,Peterborough,United Kingdom,NA
105542,Stoke On Trent,United Kingdom,NA
141667,Peterborough,"Ontario, Canada",ON
100345,Cali,Colombia,NA
100343,Charlottesville,"Virginia, United States",VA
110783,Conroe,"Texas, United States",TX
114684,Niseko,Japan,NA
114419,College Park,"Maryland, United States",MD
117856,Albany,"Oregon, United States",OR
113794,Cagayan De Oro,Philippines,NA
108181,Casa Grande,"Arizona, United States",AZ
139194,Chatan,Japan,NA
110441,Corvallis,"Oregon, United States",OR
142607,Naturaliste,"Western Australia, Australia",WA
167008,Bychowo,Poland,NA
33719,Mumbai,"Maharashtra, India",Maharashtra
100960,Santiago,Chile,NA
167008,Bychowo,Poland,NA
140332,Moncton,"New Brunswick, Canada",NB
101637,Yuma,"Arizona, United States",AZ
101822,Yakima,"Washington, United States",WA
141905,Hamilton,"Ontario, Canada",ON
142032,Kitchener,"Ontario, Canada",ON
141659,Fort McMurray,"Alberta, Canada",AB
140163,Sault Ste Marie,"Ontario, Canada",ON
141672,Rocky Mountain House,"Alberta, Canada",AB
100462,Kamloops,"CB, Canada",CB
140279,St Catharines,"Ontario, Canada",ON
101378,Hamburg,Germany,NA
100044,Moscow,Russia,NA
139484,Bushmills,United Kingdom,NA
141907,Kamloops,"British Columbia, Canada",BC
101822,Yakima,"Washington, United States",WA
142032,Kitchener,"Ontario, Canada",ON
118535,Prince George,"British Columbia, Canada",BC
111590,Owen Sound,"Ontario, Canada",ON
141682,Timmins,"Ontario, Canada",ON
110688,Yankton,"South Dakota, United States",SD
111584,Kincardine,"Ontario, Canada",ON
141669,St Thomas,"Ontario, Canada",ON
143298,Port Hawkesbury,"Nova Scotia, Canada",NS
101627,Jerez De La Frontera,Spain,NA
133649,Sete,France,NA
105362,Macclesfield,United Kingdom,NA
139448,Montelimar,France,NA
104774,Maubeuge,France,NA
133873,Chateau-Thierry,France,NA
142374,Grimsby,"Ontario, Canada",ON
137700,Madison,"South Dakota, United States",SD
146763,Cleethorpes,United Kingdom,NA
117276,Madison,"Georgia, United States",GA
32845,Bikaner,"Rajasthan, India",Rajasthan
160666,Gajano,Spain,NA
37154,Visakhapatnam,"Andhra Pradesh, India",Andhra Pradesh
100939,Pekanbaru,Indonesia,NA
137656,Ko Chang,Thailand,NA
137256,Payangan,Indonesia,NA
161858,Antasari,Indonesia,NA
139554,Selemadeg,Indonesia,NA
134656,Gaeta,Italy,NA
37269,Kathmandu,Nepal,NA
139170,Uzhhorod,Ukraine,NA
107911,Ubon Ratchathani,Thailand,NA
117596,Columbus,"Mississippi, United States",MS
100678,Ube,Japan,NA
100262,Osaka,Japan,NA
117355,Columbus,"Indiana, United States",IN
117596,Columbus,"Mississippi, United States",MS
118010,Columbus,"Texas, United States",TX
117609,Columbus,"Montana, United States",MT
100678,Ube,Japan,NA
146926,Yufu,Japan,NA
141894,Halifax,"Nova Scotia, Canada",NS
142623,Tofino,"British Columbia, Canada",BC
142244,Quesnel,"British Columbia, Canada",BC
140818,Corner Brook,"Newfoundland and Labrador, Canada",NL
101825,Youngstown,"Ohio, United States",OH
141662,Hudson's Hope,"British Columbia, Canada",BC
146554,Santa Ynez,"California, United States",CA
141894,Halifax,"Nova Scotia, Canada",NS
142623,Tofino,"British Columbia, Canada",BC
115941,Halifax,United Kingdom,NA
132512,Opfikon,Switzerland,NA
102564,Kloten,Switzerland,NA
143532,Ruemlang,Switzerland,NA
100665,Zaragoza,Spain,NA
112688,Koblenz,Germany,NA
101639,Zanzibar,Tanzania,NA
102875,Erlangen,Germany,NA
102856,Chemnitz,Germany,NA
102941,Ingolstadt,Germany,NA
103071,Sindelfingen,Germany,NA
102931,Hildesheim,Germany,NA
115519,Hameln,Germany,NA
115533,Kempten,Germany,NA
100473,Zacatecas,Mexico,NA
115489,Bamberg,Germany,NA
102875,Erlangen,Germany,NA
102855,Celle,Germany,NA
102861,Darmstadt,Germany,NA
100666,Temuco,Chile,NA
100872,Valdivia,Chile,NA
148477,Dachau,Germany,NA
133238,Aschaffenburg,Germany,NA
102857,Coburg,Germany,NA
106004,Zadar,Croatia,NA
106004,Zadar,Croatia,NA
146988,Sukosan,Croatia,NA
138522,Privlaka,Croatia,NA
132786,Sveti Petar,Croatia,NA
174000,Izbat an Namus,Egypt,NA
101463,Zagreb,Croatia,NA
116440,Zagora,Morocco,NA
157113,Zagora,Greece,NA
167605,Zagan,Poland,NA
159486,Zagrilla,Spain,NA
166707,Zagarolo,Italy,NA
147391,Zagori,Greece,NA
162636,Zagra,Spain,NA
156575,Zagorze Slaskie,Poland,NA
101463,Zagreb,Croatia,NA
104452,Zahara De Los Atunes,Spain,NA
169952,Zahora,Spain,NA
149625,Zahara,Spain,NA
104339,Tarifa,Spain,NA
104452,Zahara De Los Atunes,Spain,NA
140729,Alor Setar,Malaysia,NA
101176,Hurghada,Egypt,NA
104203,Salou,Spain,NA
104452,Zahara De Los Atunes,Spain,NA
157256,Fes,Morocco,NA
100060,Zurich,Switzerland,NA
100244,Santa Fe,"New Mexico, United States",NM
102856,Chemnitz,Germany,NA
102591,Thun,Switzerland,NA
108886,Zephyrhills,"Florida, United States",FL
100126,Mexico City,Mexico,NA
100060,Zurich,Switzerland,NA
102856,Chemnitz,Germany,NA
115767,Santa Fe,Argentina,NA
113852,Guam,Guam,NA
104453,Zamora,Spain,NA
107475,Zamosc,Poland,NA
147388,Zambrone,Italy,NA
152159,Zambujeira do Mar,Portugal,NA
153160,Zams,Austria,NA
165906,Zambratija,Croatia,NA
169141,Zamora de Hidalgo,Mexico,NA
155845,Zamardi,Hungary,NA
158905,Zamudio,Spain,NA
170747,Zama,Russia,NA
100181,Houston,"Texas, United States",TX
101294,Dallas,"Texas, United States",TX
100990,Istanbul,Turkey,NA
115211,Itacare,Brazil,NA
100081,Seoul,Korea,NA
100044,Moscow,Russia,NA
107859,Koh Samui,Thailand,NA
151278,Bophut,Thailand,NA
102646,Macau,China,NA
107845,Hua Hin,Thailand,NA
156323,Termoli,Italy,NA
